time_pst,p_co2_in_water_ppm,water_level_m_navd88,temp_deg_c,windspeed_avg_m_s,doy,month,hour,white_noise
2023-08-15T03:00:00Z,292.96173,1.8624934,15.343,0.499,227,8,3,-0.41910385421899315
2023-08-15T06:00:00Z,428.70242,1.7431234000000002,13.9817,1.324,227,8,6,-0.6329778173310581
2023-08-15T09:00:00Z,470.66724,1.9695834000000003,12.6018,0.148,227,8,9,-0.2439183831533522
2023-08-15T12:00:00Z,400.2624,1.4022734000000003,13.7009,0,227,8,12,0.9121855826255916
2023-08-15T15:00:00Z,435.01895,0.04713340000000032,13.4885,2.431,227,8,15,0.10624220707829453
2023-08-15T18:00:00Z,375.3521,-0.3921066,14.2637,2.012,227,8,18,-1.3681867773034526
2023-08-15T21:00:00Z,533.7932,0.8482134000000001,12.0567,3.044,227,8,21,0.8587834962253019
2023-08-16T00:00:00Z,406.75223,1.9539434,12.1544,0.671,228,8,0,-0.4733822777586692
2023-08-16T03:00:00Z,241.92743,1.8374734000000004,16.4464,0.847,228,8,3,-1.3007287845510491
2023-08-16T06:00:00Z,362.6,1.5367034000000004,14.0651,0.112,228,8,6,-0.9862602271084835
2023-08-16T09:00:00Z,568.9278,1.8819734000000004,11.9158,1.352,228,8,9,0.20712127434332894
2023-08-16T12:00:00Z,416.3457,1.6498834000000002,13.6839,0.091,228,8,12,0.39935564350840647
2023-08-16T15:00:00Z,371.75497,0.3721434000000001,13.9159,2.263,228,8,15,-0.06707084717754973
2023-08-16T18:00:00Z,372.53137,-0.4050066000000001,14.2424,0.09,228,8,18,-0.6962883849236583
2023-08-16T21:00:00Z,486.56967,0.6304834000000001,12.3544,2.42,228,8,21,0.5213534706299832
2023-08-17T00:00:00Z,587.2707,1.9133834000000003,11.5183,0.792,229,8,0,1.3879778457585459
2023-08-17T03:00:00Z,321.42294,1.8461934,14.6522,0.712,229,8,3,0.9684467035857796
2023-08-17T06:00:00Z,406.8038,1.4273234,13.969,0.943,229,8,6,-0.90766937547272
2023-08-17T09:00:00Z,685.45654,1.7937434000000003,11.5833,1.792,229,8,9,-0.8024170963742506
2023-08-17T12:00:00Z,252.87326,1.8143334,16.9959,0.109,229,8,12,-1.023715898800988
2023-08-17T15:00:00Z,386.2421,0.7528634000000003,13.8131,0.695,229,8,15,-0.926415794705542
2023-08-17T18:00:00Z,423.59622,-0.24211659999999968,13.8381,2.167,229,8,18,-1.0825402716191421
2023-08-17T21:00:00Z,477.63333,0.5454534000000004,12.5561,1.77,229,8,21,-1.779744374123488
2023-08-18T00:00:00Z,572.75806,1.9042334000000003,11.656,2.627,230,8,0,0.47904893189904185
2023-08-18T03:00:00Z,520.51416,1.9159834,13.366,2.923,230,8,3,-0.30703381360663556
2023-08-18T06:00:00Z,576.8381,1.3676434000000004,13.2575,0.992,230,8,6,1.2211297970891837
2023-08-18T09:00:00Z,613.91345,1.6299034000000003,12.0132,0.184,230,8,9,1.97217905626415
2023-08-18T12:00:00Z,526.6593,1.8408634000000004,12.7536,0.569,230,8,12,0.8930799060710973
2023-08-18T15:00:00Z,528.10443,1.0069034,13.0395,1.046,230,8,15,0.13764245078236972
2023-08-18T18:00:00Z,432.80087,-0.08489659999999954,13.7556,2.463,230,8,18,-0.7679379129839397
2023-08-18T21:00:00Z,538.9384,0.4123634000000002,12.2885,3.819,230,8,21,-0.7092890236098198
2023-08-19T00:00:00Z,564.515,1.7373734000000003,11.9134,3.196,231,8,0,-1.2034807531949108
2023-08-19T03:00:00Z,501.439,1.8063134000000003,12.8216,1.507,231,8,3,-0.03728282245857086
2023-08-19T06:00:00Z,538.8007,1.1449934000000002,13.0507,0.994,231,8,6,-1.4144632020589414
2023-08-19T09:00:00Z,743.7693,1.2530734000000003,11.7073,0.257,231,8,9,0.977790368812226
2023-08-19T12:00:00Z,643.034,1.6699334000000003,11.7752,0.328,231,8,12,-0.2940972791507607
2023-08-19T15:00:00Z,373.88602,1.1982634,14.5239,0.365,231,8,15,1.088552373774731
2023-08-19T18:00:00Z,381.44055,0.1769934000000002,14.2836,3.9,231,8,18,-0.4535733171541618
2023-08-19T21:00:00Z,483.36395,0.4338234000000001,12.8362,5.125,231,8,21,2.23786169793076
2023-08-20T00:00:00Z,539.48346,1.6504834000000002,12.0352,3.26,232,8,0,-1.8106357910420192
2023-08-20T03:00:00Z,489.61673,1.8966334,13.3958,2.014,232,8,3,-2.0855234624350873
2023-08-20T06:00:00Z,520.2,1.1441534000000004,12.8909,0.282,232,8,6,0.7053762197326109
2023-08-20T09:00:00Z,594.5441,0.9763634000000004,12.8463,1.112,232,8,9,-0.6000076273301652
2023-08-20T12:00:00Z,650.20776,1.4442534000000005,11.7924,0.207,232,8,12,0.5805038096239898
2023-08-20T15:00:00Z,332.9036,1.3318434000000003,14.751,0.649,232,8,15,0.11803915862753322
2023-08-20T18:00:00Z,289.92932,0.5296434000000003,15.0815,3.584,232,8,18,-0.36611380221678597
2023-08-20T21:00:00Z,400.10394,0.5462234000000001,13.4519,1.429,232,8,21,-0.03495454252662192
2023-08-21T00:00:00Z,568.7845,1.6101734000000003,11.8143,0.149,233,8,0,-1.3349632409872105
2023-08-21T03:00:00Z,323.65778,1.9248534000000004,15.0219,2.053,233,8,3,-0.7596925190399596
2023-08-21T06:00:00Z,383.53812,1.1724034000000003,14.3535,0,233,8,6,0.6131843007809364
2023-08-21T09:00:00Z,489.7555,0.6783834000000004,13.4302,0.319,233,8,9,0.6380998903171226
2023-08-21T12:00:00Z,640.5897,1.1624434000000003,11.6535,0.589,233,8,12,0.9727270875177925
2023-08-21T15:00:00Z,346.25623,1.4025434000000003,14.0362,1.403,233,8,15,-0.052566171188902354
2023-08-21T18:00:00Z,362.30667,0.9295634000000002,14.8294,2.724,233,8,18,1.232185523606324
2023-08-21T21:00:00Z,353.19226,0.7720634000000004,13.9088,2.423,233,8,21,0.3810938606292119
2023-08-22T00:00:00Z,628.8461,1.5814534000000005,11.314,1.366,234,8,0,-0.8121505331004286
2023-08-22T03:00:00Z,607.105,2.0197134000000005,12.1608,1.309,234,8,3,-0.362359197437984
2023-08-22T06:00:00Z,622.96045,1.2738634000000002,12.4436,1.089,234,8,6,0.26201579565945227
2023-08-22T09:00:00Z,537.7574,0.4472234000000004,12.9689,0.413,234,8,9,1.7967886268425268
2023-08-22T12:00:00Z,634.5938,0.7614034000000003,12.0189,2.346,234,8,12,-0.35401379326062804
2023-08-22T15:00:00Z,668.8867,1.3162534000000004,11.6855,1.529,234,8,15,-1.9558003738436534
2023-08-22T18:00:00Z,383.62982,1.1805534000000004,14.1722,2.25,234,8,18,0.3459773457037443
2023-08-22T21:00:00Z,267.8964,0.9647934000000004,14.8475,3.069,234,8,21,-0.8258501015807233
2023-08-23T00:00:00Z,597.5221,1.5686234000000003,11.665,0.74,235,8,0,-1.3447875852188391
2023-08-23T03:00:00Z,370.88324,2.0266834000000005,13.065,0.799,235,8,3,-2.485799404522189
2023-08-23T06:00:00Z,549.2247,1.3760834000000002,12.4445,0.174,235,8,6,0.5500875448556553
2023-08-23T09:00:00Z,585.4833,0.3236834000000002,12.7514,0.918,235,8,9,1.6950239947353176
2023-08-23T12:00:00Z,643.60345,0.3878434000000004,12.7566,0.605,235,8,12,0.5501170418319726
2023-08-23T15:00:00Z,670.4075,1.1166734000000005,11.6317,0.638,235,8,15,0.5391231024895918
2023-08-23T18:00:00Z,445.77432,1.3317834000000004,12.7931,2.586,235,8,18,-1.0495578232987324
2023-08-23T21:00:00Z,300.17755,1.2371034,15.1581,2.12,235,8,21,-0.7817998737630153
2023-08-24T00:00:00Z,501.6038,1.6061734000000003,12.2708,0.794,236,8,0,0.0316436643106356
2023-08-24T03:00:00Z,363.1455,2.0000734,12.610900000000001,0.79,236,8,3,0.3319733855767258
2023-08-24T06:00:00Z,526.745,1.5038734000000002,12.5914,0.029,236,8,6,-0.7541215382015531
2023-08-24T09:00:00Z,515.2522,0.3513034000000004,13.0547,0.483,236,8,9,-0.7287910620731521
2023-08-24T12:00:00Z,548.04333,0.01124340000000012,13.1638,0.268,236,8,12,-0.28599780095099864
2023-08-24T15:00:00Z,642.99866,0.7536034000000003,11.6924,0.916,236,8,15,0.7649524674896618
2023-08-24T18:00:00Z,504.43414,1.3764934000000002,12.2501,4.84,236,8,18,2.8327091640236652
2023-08-24T21:00:00Z,425.18774,1.5304534000000003,13.3328,2.373,236,8,21,-0.2551779053469385
2023-08-25T00:00:00Z,386.40018,1.6975034000000002,13.9164,4.183,237,8,0,0.04456987914815867
2023-08-25T03:00:00Z,446.3198,2.0240634,13.4735,0.037,237,8,3,0.330080079945024
2023-08-25T06:00:00Z,419.24033,1.7080734000000002,14.0097,1.235,237,8,6,0.9373688176306589
2023-08-25T09:00:00Z,497.28674,0.5820934000000002,12.9316,0.162,237,8,9,0.3344755197722263
2023-08-25T12:00:00Z,451.3617,-0.22578659999999973,13.5467,0.102,237,8,12,-1.6087111694636957
2023-08-25T15:00:00Z,619.8578,0.31690340000000017,11.9115,0.272,237,8,15,-0.15591592253393846
2023-08-25T18:00:00Z,516.1969,1.3294934000000005,12.6284,1.444,237,8,18,-1.0148354258515369
2023-08-25T21:00:00Z,519.1426,1.7357134000000003,12.7212,0.664,237,8,21,0.6582412431065214
2023-08-26T00:00:00Z,392.53934,1.7608834000000002,14.7454,3.473,238,8,0,-0.7875047637841889
2023-08-26T03:00:00Z,445.12692,2.0306334,13.2537,1.212,238,8,3,-0.04964001465466395
2023-08-26T06:00:00Z,499.00378,1.9136634000000003,13.4045,1.119,238,8,6,0.4960922157393882
2023-08-26T09:00:00Z,486.75226,0.9228434,13.0292,0.047,238,8,9,0.19729983507541546
2023-08-26T12:00:00Z,531.7716,-0.2593565999999998,13.0526,0,238,8,12,-0.5597647550035744
2023-08-26T15:00:00Z,544.75995,-0.13203659999999973,13.0019,1.659,238,8,15,-0.8949434613338552
2023-08-26T18:00:00Z,508.6086,1.0382234,12.3341,0.671,238,8,18,1.4701024667230937
2023-08-26T21:00:00Z,466.9879,1.8218834000000004,12.7504,2.884,238,8,21,0.16113477947340474
2023-08-27T00:00:00Z,218.26222,1.9432234000000004,15.5459,0.932,239,8,0,-1.636624351075823
2023-08-27T03:00:00Z,419.9557,2.0153134,13.7832,0.172,239,8,3,0.6758263491365413
2023-08-27T06:00:00Z,244.49171,2.0421834000000003,15.5562,0.322,239,8,6,-0.22833495341175775
2023-08-27T09:00:00Z,360.21967,1.3488734000000004,14.0047,0.038,239,8,9,-0.4267346546190327
2023-08-27T12:00:00Z,415.92706,-0.0632665999999995,13.6054,0.564,239,8,12,-0.9388053891975642
2023-08-27T15:00:00Z,390.93845,-0.5282765999999999,13.7398,1.043,239,8,15,1.055181000060747
2023-08-27T18:00:00Z,552.9183,0.5958234000000004,12.4287,2.79,239,8,18,1.1212126921974959
2023-08-27T21:00:00Z,472.74036,1.7962234000000004,12.9022,2.234,239,8,21,-0.36383891750298664
2023-08-28T00:00:00Z,404.90207,2.0326534,13.4848,1.728,240,8,0,-1.7407308081608703
2023-08-28T03:00:00Z,366.49054,1.8720834,14.1828,1.582,240,8,3,2.2664742329312206
2023-08-28T06:00:00Z,442.24002,2.1140834,13.1927,0.372,240,8,6,0.3318096659244532
2023-08-28T09:00:00Z,332.61328,1.7452534000000002,14.1835,0.613,240,8,9,-0.33494868402836936
2023-08-28T12:00:00Z,440.42795,0.3809634000000002,13.322,1.348,240,8,12,0.4717761270841433
2023-08-28T15:00:00Z,395.1243,-0.7289965999999994,13.6465,0.129,240,8,15,-1.195846782253442
2023-08-28T18:00:00Z,560.4781,0.05519340000000028,12.3252,0.824,240,8,18,-0.2455203630143631
2023-08-28T21:00:00Z,539.8702,1.6618934000000003,12.3969,0.143,240,8,21,-0.8097183535815241
2023-08-29T00:00:00Z,256.6257,1.9815134000000003,14.2747,2.791,241,8,0,0.8273139973838605
2023-08-29T03:00:00Z,271.53812,1.7311434000000003,14.1831,0.877,241,8,3,-1.4340442545819339
2023-08-29T06:00:00Z,518.12036,2.0099834000000003,12.8112,0.864,241,8,6,0.27345834770856503
2023-08-29T09:00:00Z,184.84277,2.0078834000000003,15.3085,2.099,241,8,9,-0.1882152433339446
2023-08-29T12:00:00Z,255.70897,0.8536334000000001,14.3138,0.315,241,8,12,-0.5509274638176195
2023-08-29T15:00:00Z,445.13535,-0.6534465999999997,13.3382,0.198,241,8,15,1.5389012499707386
2023-08-29T18:00:00Z,538.85516,-0.3494665999999995,12.5235,0.347,241,8,18,0.8571297526366557
2023-08-29T21:00:00Z,739.1804,1.3709834,11.2076,0.62,241,8,21,0.0628034469800478
2023-08-30T00:00:00Z,218.86137,1.9825034000000004,14.4978,0.667,242,8,0,-0.1142378260206162
2023-08-30T03:00:00Z,291.32297,1.6032834000000005,14.1151,0.535,242,8,3,-0.557407935416504
2023-08-30T06:00:00Z,512.14795,1.6656434000000002,12.8372,0.293,242,8,6,1.7531085350519116
2023-08-30T09:00:00Z,788.89795,2.1062234,NA,1.292,242,8,9,-2.0366938319969394
2023-08-30T12:00:00Z,377.4976,1.3680434000000004,13.2687,1.707,242,8,12,-1.636156967277537
2023-08-30T15:00:00Z,547.41705,-0.3030265999999999,12.7913,2.579,242,8,15,-0.46674246046851
2023-08-30T18:00:00Z,535.7804,-0.6013266000000002,12.9984,1.202,242,8,18,0.4496995533674721
2023-08-30T21:00:00Z,681.799,1.0106534000000005,11.6202,2.22,242,8,21,0.12346119446986702
2023-08-31T00:00:00Z,328.71585,2.0368934000000003,13.8632,0.064,243,8,0,1.4098721154277265
2023-08-31T03:00:00Z,243.21466,1.5644734000000002,13.9074,1.118,243,8,3,-0.2779072484336691
2023-08-31T06:00:00Z,447.7324,1.3012434000000002,13.1616,0,243,8,6,-1.6214050730654541
2023-08-31T09:00:00Z,848.9547,1.9401034000000004,10.9615,1.529,243,8,9,-1.0663116157315187
2023-08-31T12:00:00Z,357.00812,1.7492234000000002,13.0919,0.086,243,8,12,-0.6107508105580337
2023-08-31T15:00:00Z,427.88068,0.2745434000000002,13.1213,0.673,243,8,15,0.3553971892250584
2023-08-31T18:00:00Z,511.20657,-0.6228965999999998,12.8306,1.83,243,8,18,0.023683061946797118
2023-08-31T21:00:00Z,665.1965,0.7549634000000003,11.708,1.291,243,8,21,-0.6865185402716892
2023-09-01T00:00:00Z,739.89276,2.1716434,11.2655,1.809,244,9,0,0.4686398213124168
2023-09-01T03:00:00Z,519.82806,1.6408934000000004,12.5734,0.791,244,9,3,-1.3513439741493047
2023-09-01T06:00:00Z,662.1803,0.8782434000000001,12.4752,1.233,244,9,6,0.5044956137810441
2023-09-01T09:00:00Z,870.0592,1.5596734000000003,10.7656,0.605,244,9,9,0.0027445798986022642
2023-09-01T12:00:00Z,425.60257,1.9155734,12.2906,1.039,244,9,12,1.660712348017933
2023-09-01T15:00:00Z,612.2047,0.8130534000000003,12.3949,1.72,244,9,15,0.2911264990464829
2023-09-01T18:00:00Z,583.1912,-0.3998466000000001,12.5962,3.525,244,9,18,0.3656552078252129
2023-09-01T21:00:00Z,706.73755,0.5869634000000001,11.5677,4.452,244,9,21,1.8881775576499396
2023-09-02T00:00:00Z,795.9356,2.1312034000000004,11.1029,0.508,245,9,0,-0.42421743558295516
2023-09-02T03:00:00Z,353.7593,1.7044434000000002,13.4251,1.497,245,9,3,-0.9474608563833682
2023-09-02T06:00:00Z,506.27704,0.5949734000000002,12.7411,0.993,245,9,6,1.400349799668893
2023-09-02T09:00:00Z,873.72455,0.9911834000000002,10.7128,1.615,245,9,9,2.100304000537097
2023-09-02T12:00:00Z,890.0122,1.7972834000000002,10.9793,0.224,245,9,12,2.075369293306836
2023-09-02T15:00:00Z,440.2121,1.1927734,12.7285,0.558,245,9,15,0.025068861339766824
2023-09-02T18:00:00Z,471.98624,0.04581340000000011,12.8877,3.134,245,9,18,-1.0401468242927243
2023-09-02T21:00:00Z,779.31006,0.6083334000000002,11.2269,0.219,245,9,21,-0.3108865781686269
2023-09-03T00:00:00Z,817.23755,2.0390734000000004,10.9633,0.372,246,9,0,-0.48322414346578757
2023-09-03T03:00:00Z,509.93744,1.8574334000000003,12.6513,0.036,246,9,3,0.08225170461856887
2023-09-03T06:00:00Z,358.56448,0.5825934000000004,13.1501,1.72,246,9,6,0.7997057401857687
2023-09-03T09:00:00Z,810.0515,0.4528234000000002,11.9862,0.77,246,9,9,0.9923966304869055
2023-09-03T12:00:00Z,899.3781,1.4263234000000002,10.9308,1.306,246,9,12,-1.1559976764973359
2023-09-03T15:00:00Z,431.60394,1.4586134000000004,12.5775,1.474,246,9,15,0.9480586781999149
2023-09-03T18:00:00Z,341.41107,0.6931534000000004,13.5475,1.502,246,9,18,-0.45901741647449656
2023-09-03T21:00:00Z,732.6449,0.7677934000000004,11.6635,1.724,246,9,21,0.06636250776550398
2023-09-04T00:00:00Z,834.51996,1.8856834,10.943,1.555,247,9,0,0.6782379460668747
2023-09-04T03:00:00Z,598.9355,2.0121334,12.1036,0.342,247,9,3,-0.6349680635683097
2023-09-04T06:00:00Z,365.78485,0.7536034000000003,13.1489,0.389,247,9,6,1.444393164882725
2023-09-05T09:00:00Z,469.65085,-0.1405365999999999,12.5952,0.496,248,9,9,-0.2810807416909529
2023-09-05T12:00:00Z,804.91724,0.37282340000000014,11.3258,1.747,248,9,12,0.22710250606822355
2023-09-05T15:00:00Z,908.9041,1.3689434000000005,10.8917,1.138,248,9,15,1.0708984872078897
2023-09-05T18:00:00Z,306.73798,1.5090534000000004,13.3603,0.679,248,9,18,-0.48701289302040734
2023-09-05T21:00:00Z,259.77844,1.2957834000000004,14.2006,2,248,9,21,0.9551740241254376
2023-09-06T00:00:00Z,713.5391,1.7425234000000005,11.6428,1.041,249,9,0,-1.8717035757447094
2023-09-06T03:00:00Z,281.8819,2.0762534000000006,13.3907,0.625,249,9,3,0.7673730646714841
2023-09-06T06:00:00Z,355.92413,1.3012634000000003,12.7397,1.413,249,9,6,-0.36182820860798537
2023-09-06T09:00:00Z,631.97345,-0.00190659999999986,11.9276,0.016,249,9,9,-1.4517555647561555
2023-09-06T12:00:00Z,752.3491,0.01088340000000043,11.4899,1.247,249,9,12,-2.153277876440234
2023-09-06T15:00:00Z,920.33,1.0340134,10.8139,0.688,249,9,15,-2.554886422877409
2023-09-06T18:00:00Z,888.36383,1.6554434000000002,10.8057,3.761,249,9,18,0.39569515543645056
2023-09-06T21:00:00Z,263.95624,1.6584234000000002,13.6153,3.976,249,9,21,-0.29089470995194017
2023-09-07T00:00:00Z,389.08566,1.7446434000000002,12.8736,1.382,250,9,0,-0.16291511528771457
2023-09-07T03:00:00Z,541.9229,1.9736534000000003,11.6209,0.289,250,9,3,0.1758054330355915
2023-09-07T06:00:00Z,500.8929,1.4743434000000004,12.3815,1.321,250,9,6,-1.8818803510048137
2023-09-07T09:00:00Z,609.2068,0.2944534000000001,12.1009,0.814,250,9,9,-1.3274021427051765
2023-09-07T12:00:00Z,682.3897,-0.22862659999999968,11.9327,0.971,250,9,12,-0.3777934612304989
2023-09-07T15:00:00Z,861.8134,0.5733434000000002,11.1555,0.745,250,9,15,0.7813541999457463
2023-09-07T18:00:00Z,829.14026,1.5611934,11.1562,1.921,250,9,18,0.9891356117912766
2023-09-07T21:00:00Z,282.1036,1.8454334000000003,13.7488,1.659,250,9,21,-0.07687813499113962
2023-09-08T00:00:00Z,273.25827,1.7330334000000005,13.9433,1.827,251,9,0,2.0733221084573747
2023-09-08T03:00:00Z,377.73706,1.8167334,13.0392,0.715,251,9,3,-0.721108911790237
2023-09-08T06:00:00Z,325.42844,1.5474234000000004,13.273,0.154,251,9,6,-1.1686395310206958
2023-09-08T09:00:00Z,523.0341,0.6517334000000004,12.2124,1.401,251,9,9,-1.20621089550745
2023-09-08T12:00:00Z,725.0582,-0.20463659999999972,11.8266,0,251,9,12,0.14324314744766548
2023-09-08T15:00:00Z,882.733,0.18839340000000027,11.1429,0.241,251,9,15,-2.3442964627252625
2023-09-08T18:00:00Z,862.9862,1.2935034,11.0368,2.291,251,9,18,0.5641287891438592
2023-09-08T21:00:00Z,787.1779,1.8850534000000003,11.4038,3.135,251,9,21,-1.57398420045212
2023-09-09T00:00:00Z,236.06569,1.7395234000000002,13.8235,2.446,252,9,0,1.2538802192548522
2023-09-09T03:00:00Z,295.3614,1.7113834000000003,13.0893,0.185,252,9,3,-0.46618896877361454
2023-09-09T06:00:00Z,345.57947,1.6152334000000002,12.8484,0.2,252,9,6,1.2087030446250713
2023-09-09T09:00:00Z,473.65417,0.9887234000000004,12.2162,0,252,9,9,0.6463412219283878
2023-09-09T12:00:00Z,694.50696,-0.0374165999999998,11.7227,1.116,252,9,12,-0.023387641346476435
2023-09-09T15:00:00Z,568.3026,-0.10915659999999994,11.9341,0.053,252,9,15,0.49067784312246676
2023-09-09T18:00:00Z,802.32465,0.9253034000000002,11.2157,1.534,252,9,18,-0.36917715326539335
2023-09-09T21:00:00Z,675.63873,1.8066534000000003,11.7005,1.888,252,9,21,-1.3532656311915803
2023-09-10T00:00:00Z,223.25536,1.8562134000000003,14.1575,0.712,253,9,0,1.505143006953314
2023-09-10T03:00:00Z,315.71848,1.6229634000000002,13.6252,1.169,253,9,3,-0.16301205567246735
2023-09-10T06:00:00Z,375.3393,1.6544434000000003,13.0874,1.217,253,9,6,-0.5233180680518996
2023-09-10T09:00:00Z,414.1876,1.2945934,12.9827,0,253,9,9,-0.7014834188316796
2023-09-10T12:00:00Z,582.87634,0.32228340000000033,12.2554,0.066,253,9,12,-1.529732349605627
2023-09-10T15:00:00Z,393.17776,-0.2114665999999996,12.2924,1.126,253,9,15,1.3605172687443472
2023-09-10T18:00:00Z,756.0482,0.6175434000000002,11.4262,2.265,253,9,18,-0.711321078440245
2023-09-10T21:00:00Z,746.1407,1.7455634000000002,11.5849,0.29,253,9,21,0.8499527996637012
2023-09-11T00:00:00Z,208.94086,1.9452534000000004,14.2878,1.522,254,9,0,-0.1936859270672232
2023-09-11T03:00:00Z,269.69656,1.5687834000000005,13.4468,1.292,254,9,3,-1.2934941735040935
2023-09-11T06:00:00Z,539.3153,1.6615734000000002,12.2437,1.332,254,9,6,-0.5909290317027431
2023-09-11T09:00:00Z,550.9586,1.5339134000000003,12.5251,0.282,254,9,9,-0.5122399035881698
2023-09-11T12:00:00Z,492.06708,0.6651334000000002,12.3719,0.558,254,9,12,0.6207741206166059
2023-09-11T15:00:00Z,633.9655,-0.1947365999999997,12.0383,1.866,254,9,15,0.42367652035290243
2023-09-11T18:00:00Z,784.84827,0.3512634000000001,11.4959,0.018,254,9,18,-0.3745754108018514
2023-09-11T21:00:00Z,761.61725,1.6124534,11.2869,1.924,254,9,21,1.7069468121676326
2023-09-12T00:00:00Z,163.22397,1.8985134000000004,15.1473,0.15,255,9,0,-1.943860166664625
2023-09-12T03:00:00Z,248.8324,1.4937334000000004,NA,0.417,255,9,3,0.25426759472165156
2023-09-12T06:00:00Z,476.8655,1.5474534000000002,12.4665,0.027,255,9,6,0.0356065764227563
2023-09-12T09:00:00Z,234.4543,1.6445634000000005,13.1424,0,255,9,9,0.04900648364189394
2023-09-12T12:00:00Z,533.0493,1.0013334000000005,12.1803,0.301,255,9,12,2.1192064599167013
2023-09-12T15:00:00Z,635.59094,-0.0639065999999997,12.0017,0.655,255,9,15,-0.31810991439954506
2023-09-12T18:00:00Z,699.3262,0.17774340000000022,11.6684,1.202,255,9,18,2.0895407226038
2023-09-12T21:00:00Z,849.0567,1.4280034,11.0544,2.985,255,9,21,0.11540539550449447
2023-09-13T00:00:00Z,298.9312,1.8661334000000005,13.3032,1.253,256,9,0,0.7343541523313193
2023-09-13T03:00:00Z,421.14276,1.4327834000000004,12.7402,0.026,256,9,3,1.0155366501323568
2023-09-13T06:00:00Z,561.40967,1.3553234,12.3282,0.294,256,9,6,-0.5454193943028399
2023-09-13T09:00:00Z,770.5414,1.6412234000000003,11.4355,1.262,256,9,9,1.9117242551940994
2023-09-13T12:00:00Z,695.50073,1.2429334,11.892,1.195,256,9,12,1.229148361664187
2023-09-13T15:00:00Z,642.0518,0.1115434000000004,11.9358,0.7,256,9,15,-0.47453479869431253
2023-09-13T18:00:00Z,634.19293,0.01436340000000013,12.2377,3.239,256,9,18,-0.47755934167296954
2023-09-13T21:00:00Z,812.6233,1.1671234000000004,11.1927,2.706,256,9,21,1.7413241146497063
2023-09-14T00:00:00Z,283.1312,1.7929834000000002,13.5115,0.37,257,9,0,-0.9107358027632616
2023-09-14T03:00:00Z,371.8803,1.3528434000000005,13.0581,0.716,257,9,3,-1.09902950628305
2023-09-14T06:00:00Z,586.3731,1.0985734000000005,12.6481,0.988,257,9,6,-0.4212067757263711
2023-09-14T09:00:00Z,788.93964,1.5242034000000002,10.9904,0.323,257,9,9,1.5900482161751976
2023-09-14T12:00:00Z,579.7192,1.3916934000000003,11.821,0.719,257,9,12,0.015726766308506054
2023-09-14T15:00:00Z,442.01102,0.3697934000000002,12.4307,1.811,257,9,15,0.10380785201095845
2023-09-14T18:00:00Z,441.97968,-0.03849659999999977,12.5833,5.097,257,9,18,0.24388408280656823
2023-09-14T21:00:00Z,790.4354,1.0101034000000002,11.2341,1.125,257,9,21,0.570412649345345
2023-09-15T00:00:00Z,428.68915,1.7807834000000002,13.9142,0.675,258,9,0,0.2174260911477345
2023-09-15T03:00:00Z,478.26602,1.3438134000000002,12.8333,0.088,258,9,3,-0.10521708761572054
2023-09-15T06:00:00Z,549.04034,0.8245534000000001,12.4966,0,258,9,6,0.8594214832332756
2023-09-15T09:00:00Z,940.5945,1.3683934000000004,10.775,0.058,258,9,9,-0.002096982338577286
2023-09-15T12:00:00Z,585.86597,1.5576634000000005,11.8623,0.189,258,9,12,-0.027387140699571537
2023-09-15T15:00:00Z,526.63776,0.7117034000000002,12.1193,1.62,258,9,15,-0.3103224500477948
2023-09-15T18:00:00Z,424.94003,0.05240340000000021,12.3221,1.75,258,9,18,2.2621390303967703
2023-09-15T21:00:00Z,780.4087,0.9122434000000004,11.196,3.274,258,9,21,0.7709982884652377
2023-09-16T00:00:00Z,343.32675,1.7765434000000002,11.1468,0.799,259,9,0,0.4518540123375852
2023-09-16T03:00:00Z,508.78723,1.3227334000000002,12.3947,0,259,9,3,0.17549205278007332
2023-09-16T06:00:00Z,466.0362,0.5985834000000003,12.6272,1.157,259,9,6,-0.18032563095737747
2023-09-16T09:00:00Z,909.2014,1.1314034000000004,10.853,0.059,259,9,9,0.05852647191396229
2023-09-16T12:00:00Z,641.3162,1.6231934000000003,11.5516,0.397,259,9,12,0.686189797199435
2023-09-16T15:00:00Z,550.8157,1.0319334000000002,12.0607,1.684,259,9,15,2.5776211631326773
2023-09-16T18:00:00Z,462.49536,0.2754234000000002,12.4554,3.263,259,9,18,0.34368429223560154
2023-09-16T21:00:00Z,819.32764,0.9725434000000002,11.0275,2.724,259,9,21,-1.0256869869301335
2023-09-17T00:00:00Z,872.68207,1.8482534000000004,10.9693,1.569,260,9,0,-0.16412752093914862
2023-09-17T03:00:00Z,636.8691,1.4019934000000005,11.8706,0.77,260,9,3,0.07867913842649676
2023-09-17T06:00:00Z,531.76624,0.4378734000000004,12.2088,2.217,260,9,6,-0.3480083909284337
2023-09-17T09:00:00Z,869.0031,0.8391134000000005,11.1641,1.998,260,9,9,-0.13020809507148998
2023-09-17T12:00:00Z,921.5695,1.5966434000000005,10.9077,1.356,260,9,12,-0.39946973694959836
2023-09-17T15:00:00Z,679.75653,1.3105634000000004,11.8124,2.22,260,9,15,0.005572595435016737
2023-09-17T18:00:00Z,529.03174,0.6037334000000003,12.2271,1.331,260,9,18,-1.4845984679616346
2023-09-17T21:00:00Z,785.1905,1.0509434000000004,11.2797,2.091,260,9,21,-2.1372968675402957
2023-09-18T00:00:00Z,861.7441,1.8971634,11.0302,2.167,261,9,0,-0.5123651578369441
2023-09-18T03:00:00Z,275.3843,1.4855734000000005,13.575,0.105,261,9,3,-0.24206464286695584
2023-09-18T06:00:00Z,330.71497,0.40134340000000046,12.9282,1.158,261,9,6,-1.423472897083616
2023-09-18T09:00:00Z,786.0059,0.5275234000000002,11.7864,1.67,261,9,9,0.9661135646778277
2023-09-18T12:00:00Z,930.90497,1.4481434000000002,10.8864,1.607,261,9,12,2.4339271873469066
2023-09-18T15:00:00Z,853.60944,1.5123134000000005,11.1666,0.136,261,9,15,1.2409876829049147
2023-09-18T18:00:00Z,551.48755,0.9128334000000002,12.1927,3.523,261,9,18,1.355371793936778
2023-09-18T21:00:00Z,696.4017,1.1095134000000004,11.5233,1.97,261,9,21,-0.41381621442069366
2023-09-19T00:00:00Z,760.7877,1.8132034000000004,11.2847,2.028,262,9,0,-0.041286012916761754
2023-09-19T03:00:00Z,732.1547,1.5200134000000003,11.5178,0.93,262,9,3,1.8290883425028182
2023-09-19T06:00:00Z,703.0015,0.3713734000000004,11.6306,0.579,262,9,6,-0.5484908509983086
2023-09-19T09:00:00Z,750.0515,0.15139340000000034,11.6481,0.529,262,9,9,-1.451907233586823
2023-09-19T12:00:00Z,893.1198,1.0801834,11.0568,1.462,262,9,12,0.532010017616972
2023-09-19T15:00:00Z,556.64185,1.5444034000000002,11.9915,2.36,262,9,15,0.7565893102623601
2023-09-19T18:00:00Z,407.245,1.2415134,12.641,1.968,262,9,18,-2.3778048167621493
2023-09-19T21:00:00Z,408.49054,1.2610934000000005,12.1926,2.749,262,9,21,2.062718845691754
2023-09-20T00:00:00Z,859.23883,1.8438234,10.8524,1.4869999885559082,263,9,0,0.7454677337917573
2023-09-20T03:00:00Z,474.10568,1.7088934000000002,12.2989,0.8669999837875366,263,9,3,-0.8610913621060895
2023-09-20T06:00:00Z,596.5241,0.5980534000000004,11.9156,0.6079999804496765,263,9,6,1.5291905703783442
2023-09-20T09:00:00Z,650.1942,-0.01995659999999954,11.8905,1.1399999856948853,263,9,9,0.772153430436613
2023-09-20T12:00:00Z,875.86707,0.7260034000000002,11.1529,0.4020000100135803,263,9,12,-0.9708516305267815
2023-09-20T15:00:00Z,873.0293,1.5323534000000003,11.0765,0.9110000133514404,263,9,15,1.6300820442873354
2023-09-20T18:00:00Z,750.5428,1.4866534000000002,11.697,0.9520000219345092,263,9,18,-0.3957114156649837
2023-09-20T21:00:00Z,416.2322,1.3498634000000005,12.6342,5.572000026702881,263,9,21,-2.1051097574904296
2023-09-21T00:00:00Z,729.6166,1.8079734000000005,11.3628,1.1510000114440917,264,9,0,0.1136851134866048
2023-09-21T03:00:00Z,368.6807,1.8010834000000002,12.7934,0.048,264,9,3,-1.421335888604537
2023-09-21T06:00:00Z,642.00653,0.7537834000000001,11.8362,1.857,264,9,6,2.6680352135697145
2023-09-21T09:00:00Z,708.2326,-0.20567659999999988,11.7358,0.966,264,9,9,0.1614001255382975
2023-09-21T12:00:00Z,842.9223,0.26000340000000044,11.3961,0.395,264,9,12,0.23996192001657807
2023-09-21T15:00:00Z,848.4719,1.3317434,11.1047,0.469,264,9,15,-0.282606855701716
2023-09-21T18:00:00Z,721.04333,1.6874034000000002,11.1707,2.597,264,9,18,-0.160399617622301
2023-09-21T21:00:00Z,333.70798,1.5794734000000004,13.4422,4.292,264,9,21,0.7872855058296674
2023-09-22T00:00:00Z,629.04144,1.8603134000000003,11.7142,0.445,265,9,0,-0.6198075246318225
2023-09-22T03:00:00Z,277.32,1.9024134000000004,13.1997,0.014,265,9,3,-0.6597412335746851
2023-09-22T06:00:00Z,545.4664,1.0529334,12.0411,1.271,265,9,6,-0.5494421759230819
2023-09-22T09:00:00Z,607.42786,-0.10061659999999994,11.8338,0.193,265,9,9,0.556728244659802
2023-09-22T12:00:00Z,676.65015,-0.05836659999999982,11.6992,1.509,265,9,12,-0.9807692387521866
2023-09-22T15:00:00Z,866.4223,1.0248634,10.9466,0.077,265,9,15,0.25513326479678394
2023-09-22T18:00:00Z,788.8164,1.7401834000000005,11.1079,1.816,265,9,18,-0.7989014868343739
2023-09-22T21:00:00Z,248.73688,1.8392834,13.3543,3.159,265,9,21,1.6440506996587028
2023-09-23T00:00:00Z,400.0514,1.8812534000000003,12.068,0.408,266,9,0,-0.6735407618657689
2023-09-23T03:00:00Z,252.67639,1.9252934000000004,13.1605,0,266,9,3,-0.49766547124343713
2023-09-23T06:00:00Z,364.17728,1.3667134,12.3774,0.121,266,9,6,0.8333911435033221
2023-09-23T09:00:00Z,613.39014,0.18672340000000043,11.8625,0.566,266,9,9,0.17816727251646097
2023-09-23T12:00:00Z,650.90186,-0.2654565999999998,11.8696,0.482,266,9,12,-0.44768782461252205
2023-09-23T15:00:00Z,933.1386,0.5954634000000003,10.5494,0.846,266,9,15,0.4004265461090935
2023-09-23T18:00:00Z,876.21204,1.7194834000000003,10.7697,0.731,266,9,18,-0.3278873066797522
2023-09-23T21:00:00Z,189.6445,2.0218034000000005,11.2415,2.41,266,9,21,-0.5140163682929698
2023-09-24T00:00:00Z,172.14258,1.8181334,13.5241,1.938,267,9,0,-0.988059393497049
2023-09-24T03:00:00Z,187.46190000000001,1.8386734,13.2521,0.111,267,9,3,-1.8531227103301702
2023-09-24T06:00:00Z,193.01398,1.5300234,13.3503,2.169,267,9,6,0.5883004122557003
2023-09-24T09:00:00Z,424.89862,0.5786334000000002,12.164,1.786,267,9,9,-0.41448957020133925
2023-09-24T12:00:00Z,545.95966,-0.3390965999999995,11.8765,0,267,9,12,-2.082615132213311
2023-09-24T15:00:00Z,868.1126,0.09339340000000008,10.823,0.01,267,9,15,-1.1613435981593663
2023-09-24T18:00:00Z,927.1337,1.3966434000000003,10.4156,1.247,267,9,18,-0.6691461374304685
2023-09-24T21:00:00Z,735.57983,2.0548034,10.9827,6.494,267,9,21,-0.13503343175062169
2023-09-25T00:00:00Z,321.19037,1.9063934,12.2043,11.76,268,9,0,0.8178679084604125
2023-09-25T03:00:00Z,314.71466,1.8577734000000004,12.4408,10.37,268,9,3,-0.19492944149281433
2023-09-25T06:00:00Z,386.91965,1.8779534,12.2424,8.47,268,9,6,-0.7688406252159838
2023-09-25T09:00:00Z,401.78687,1.2454734000000005,12.3039,7.732,268,9,9,-1.1126919204629482
2023-09-25T12:00:00Z,413.24414,0.047963400000000433,12.2424,8.56,268,9,12,1.3886611782919642
2023-09-25T15:00:00Z,637.84534,-0.0584465999999999,12.0055,10.7,268,9,15,0.8193009998367177
2023-09-25T18:00:00Z,902.47107,1.1798734000000004,10.4709,8.19,268,9,18,-0.05670299070896273
2023-09-25T21:00:00Z,946.1245,2.2035134000000003,10.2389,3.482,268,9,21,0.013241539504846743
2023-09-26T00:00:00Z,490.3038,2.1015734000000004,11.9586,0.425,269,9,0,0.5429599391277008
2023-09-26T03:00:00Z,524.7869,1.7776534000000004,11.8189,2.617,269,9,3,-0.9341547666309016
2023-09-26T06:00:00Z,479.6867,1.9235834000000005,11.7906,3.33,269,9,6,-0.08424743891885277
2023-09-26T09:00:00Z,543.5236,1.6472734000000004,11.724,1.443,269,9,9,-0.7407893297299449
2023-09-26T12:00:00Z,625.35706,0.4584634000000003,11.6243,0.139,269,9,12,0.3884142384811864
2023-09-26T15:00:00Z,662.08484,-0.3041265999999996,11.5905,1.133,269,9,15,0.7486216640579428
2023-09-26T18:00:00Z,890.2558,0.7039434000000004,10.3934,2.42,269,9,18,-0.03950756169548161
2023-09-26T21:00:00Z,863.9002,2.0933634000000003,10.5056,3.439,269,9,21,0.9397794417762776
2023-09-27T00:00:00Z,361.98398,1.9832834000000004,12.0856,2.24,270,9,0,-0.8168420999299353
2023-09-27T03:00:00Z,377.6388,1.3604134,12.083,1.483,270,9,3,-0.3791693825240232
2023-09-27T06:00:00Z,711.54205,1.6714334000000002,11.0052,4.509,270,9,6,-0.022641824675939563
2023-09-27T09:00:00Z,459.10257,1.8724734000000005,11.6003,5.368,270,9,9,0.26556713146116834
2023-09-27T12:00:00Z,552.3372,0.9727334,11.6479,5.302,270,9,12,0.3126388001488216
2023-09-27T15:00:00Z,593.6578,-0.2103965999999997,11.6331,2.791,270,9,15,-0.051842156874209115
2023-09-27T18:00:00Z,928.54645,0.4398734000000002,10.3168,1.232,270,9,18,0.5518234038963135
2023-09-27T21:00:00Z,931.91974,1.9776334,10.2717,3.674,270,9,21,0.05904259882844017
2023-09-28T00:00:00Z,448.42892,1.9940434,12.0934,0.548,271,9,0,0.7805421885451567
2023-09-28T03:00:00Z,533.8643,1.1535434000000002,11.6599,0.208,271,9,3,1.2786347738621284
2023-09-28T06:00:00Z,809.61383,1.2648934,10.9431,1.93,271,9,6,-0.5851598338971317
2023-09-28T09:00:00Z,1023.5129,1.9066434000000003,9.9927,0.991,271,9,9,0.5624700501405695
2023-09-28T12:00:00Z,601.4914,1.3643534000000002,11.411,0.397,271,9,12,-1.2954630959382836
2023-09-28T15:00:00Z,681.5175,0.08933340000000012,11.2933,0,271,9,15,-0.27428231886628246
2023-09-28T18:00:00Z,896.74115,0.2374234000000004,10.4707,1.164,271,9,18,1.5448701969250687
2023-09-28T21:00:00Z,883.96564,1.7159434000000002,10.3385,1.29,271,9,21,1.0614179686755565
2023-09-29T00:00:00Z,663.61255,2.0026734000000004,11.3214,1.542,272,9,0,-0.6832285401775534
2023-09-29T03:00:00Z,596.39386,1.0377134000000003,11.3687,0.592,272,9,3,-2.2566842259239484
2023-09-29T06:00:00Z,826.7364,0.7071434000000001,11.0387,0.644,272,9,6,0.18868676680625912
2023-09-29T09:00:00Z,999.5369,1.6138234000000002,10.035,0.159,272,9,9,-0.7920290294672979
2023-09-29T12:00:00Z,677.5638,1.6527634000000004,10.9829,0.649,272,9,12,1.0808131964984502
2023-09-29T15:00:00Z,668.7381,0.5979934000000005,11.1048,1.519,272,9,15,0.365838144062711
2023-09-29T18:00:00Z,793.20636,0.24611340000000048,10.8915,1.626,272,9,18,0.1398080801445266
2023-09-29T21:00:00Z,927.5826,1.5495034000000003,10.142,4.875,272,9,21,-0.15952552068770356
2023-09-30T00:00:00Z,606.6302,2.0923434000000003,11.2845,0.647,273,9,0,0.23819918069228188
2023-09-30T03:00:00Z,455.88556,1.0762634000000002,11.492,1.092,273,9,3,0.7913496217501421
2023-09-30T06:00:00Z,640.892,0.11442340000000016,11.046,0.691,273,9,6,-1.043143620250096
2023-09-30T09:00:00Z,994.4579,1.1151634,10.0789,1.547,273,9,9,-0.8866770016112681
2023-09-30T12:00:00Z,760.56714,1.7727334000000003,10.7978,1.989,273,9,12,-0.5294887615812697
2023-09-30T15:00:00Z,684.2453,1.0911234000000003,10.879,0.54,273,9,15,0.14279578012379457
2023-09-30T18:00:00Z,574.4574,0.3920334000000003,11.1064,3.938,273,9,18,-0.19840088814616827
2023-09-30T21:00:00Z,919.3852,1.4001134000000004,10.2556,3.782,273,9,21,0.8341266492280928
2023-10-01T00:00:00Z,498.85135,2.1396434,11.5734,0.166,274,10,0,-1.8930740568596
2023-10-01T03:00:00Z,427.52863,1.1396534000000005,11.3715,0.911,274,10,3,-1.2609416564833384
2023-10-01T06:00:00Z,661.1243,-0.23603659999999985,10.8807,0.06,274,10,6,-1.381174581325855
2023-10-01T09:00:00Z,956.79034,0.5286234000000003,10.2296,0.456,274,10,9,-1.2034159542965552
2023-10-01T12:00:00Z,973.8652,1.7010834000000004,10.2218,0.17,274,10,12,-1.0804533452015048
2023-10-01T15:00:00Z,600.65564,1.4572634000000004,10.7601,1.037,274,10,15,0.5327811357413722
2023-10-01T18:00:00Z,540.25006,0.7547434000000002,11.0598,4.722,274,10,18,0.46957528188890274
2023-10-01T21:00:00Z,858.2774,1.4106134000000004,10.5005,1.567,274,10,21,-1.1988093115124965
2023-10-02T00:00:00Z,905.2919,2.2015834000000005,10.4594,1.301,275,10,0,-1.723982927807481
2023-10-02T03:00:00Z,536.0098,1.3510734000000002,11.1794,0.78,275,10,3,0.27453125398398587
2023-10-02T06:00:00Z,695.9233,-0.25603659999999984,10.8015,1.107,275,10,6,0.27060699373097097
2023-10-02T09:00:00Z,893.9553,0.0189834000000002,10.6338,1.292,275,10,9,-0.9854638065144529
2023-10-02T12:00:00Z,947.82556,1.4018434000000002,10.4503,1.333,275,10,12,-0.49637632234228657
2023-10-02T15:00:00Z,559.36346,1.7378034000000002,11.039,0.792,275,10,15,-1.185645106141099
2023-10-02T18:00:00Z,401.80054,1.2873834000000004,11.2687,0.099,275,10,18,-1.2539058261131397
2023-10-02T21:00:00Z,735.1587,1.5290534000000005,10.7972,2.105,275,10,21,0.5073834698515881
2023-10-03T00:00:00Z,927.7929,2.1737434,10.4796,0.267,276,10,0,-0.9419946362090946
2023-10-03T03:00:00Z,678.89966,1.6114934,10.9103,0.823,276,10,3,-0.5251551959161552
2023-10-03T06:00:00Z,800.6398,0.02538340000000039,10.7382,0.383,276,10,6,-0.040649174562683556
2023-10-04T12:00:00Z,907.19165,0.3260234000000004,10.7453,0.745,277,10,12,-1.181630396261212
2023-10-04T15:00:00Z,954.7248,1.5835434000000004,10.6374,1.24,277,10,15,-0.17079891151637255
2023-10-04T18:00:00Z,410.27466,1.7875634000000002,11.0159,0.573,277,10,18,0.19966900377639626
2023-10-04T21:00:00Z,300.0736,1.5643834,11.7392,0.407,277,10,21,0.02683666781394442
2023-10-05T00:00:00Z,650.09503,1.7619634000000002,11.0653,1.454,278,10,0,0.5243553659644983
2023-10-05T03:00:00Z,252.49533,1.6348134,12.2209,0.258,278,10,3,-0.7223493050674828
2023-10-05T06:00:00Z,334.124,0.5901834000000004,11.6353,1.291,278,10,6,-1.1657715649987646
2023-10-05T09:00:00Z,538.825,-0.45708659999999934,11.143,0,278,10,9,-1.822929800520807
2023-10-05T12:00:00Z,895.78217,-0.03537659999999976,10.6975,0.548,278,10,12,1.8114334254331264
2023-10-05T15:00:00Z,1001.9106,1.2392934000000002,10.4653,0.27,278,10,15,-0.5403201548928992
2023-10-05T18:00:00Z,919.1852,1.8126034,10.6632,5.05,278,10,18,0.5455321038299009
2023-10-05T21:00:00Z,537.0419,1.6837434000000002,11.5974,4.844,278,10,21,0.2801595180814838
2023-10-06T00:00:00Z,424.36188,1.6259734000000003,12.0126,2.055,279,10,0,-0.26595267543678613
2023-10-06T03:00:00Z,532.51166,1.5718134000000004,11.4966,0.826,279,10,3,1.108325862176452
2023-10-06T06:00:00Z,555.43274,0.8510434000000004,11.2635,1.936,279,10,6,0.9940405495583692
2023-10-06T09:00:00Z,759.05914,-0.17103659999999987,10.904,0.07,279,10,9,0.32659458452773554
2023-10-06T12:00:00Z,806.9338,-0.19718659999999977,10.8587,2.266,279,10,12,2.8395360747448772
2023-10-06T15:00:00Z,902.1853,0.8595534000000002,10.6656,0.06,279,10,15,0.21136781649180275
2023-10-06T18:00:00Z,908.3679,1.7855434000000003,10.5558,0,279,10,18,0.7546854234885729
2023-10-06T21:00:00Z,402.0807,1.8994734,11.85,1.203,279,10,21,-1.9244693389223508
2023-10-07T00:00:00Z,450.8962,1.6533534000000003,11.716,0.09,280,10,0,-0.09087221008318838
2023-10-07T03:00:00Z,382.5195,1.5719734,11.8724,0,280,10,3,-0.6769208141875587
2023-10-07T06:00:00Z,463.8714,1.1670834,11.5414,0.777,280,10,6,0.13249871262763385
2023-10-07T09:00:00Z,749.6261,0.33447340000000025,10.9398,0.028,280,10,9,0.5080418380026248
2023-10-07T12:00:00Z,772.4898,-0.1108665999999996,10.8692,0,280,10,12,0.6035156414426001
2023-10-07T15:00:00Z,926.12256,0.6111934000000003,10.7801,0.06,280,10,15,0.36397512497573065
2023-10-07T18:00:00Z,990.45184,1.7280534000000003,10.4362,1.738,280,10,18,1.5294974561778967
2023-10-07T21:00:00Z,856.8331,2.0730934000000003,11.2585,0.802,280,10,21,0.037058155706968396
2023-10-08T00:00:00Z,371.4879,1.7223634000000003,12.1897,0.48,281,10,0,-0.3267594844249548
2023-10-08T03:00:00Z,391.75482,1.5930034000000002,11.9839,0.047,281,10,3,0.2853322915132379
2023-10-08T06:00:00Z,355.39572,1.3591834000000005,11.6998,0.631,281,10,6,-0.9204995148594459
2023-10-08T09:00:00Z,464.94846,0.8151334000000001,11.343,1.385,281,10,9,0.8749158437647319
2023-10-08T12:00:00Z,730.40485,0.1201734000000001,11.0158,1.647,281,10,12,0.18448626008284774
2023-10-08T15:00:00Z,861.73157,0.4165834000000004,11.0366,0.339,281,10,15,1.874448634127745
2023-10-08T18:00:00Z,976.4328,1.5144534000000005,10.5913,0.325,281,10,18,1.8127500091620847
2023-10-08T21:00:00Z,898.5099,2.0804834000000003,11.0203,1.17,281,10,21,1.82351275559253
2023-10-09T00:00:00Z,157.08794,1.8552734,12.5405,0.143,282,10,0,0.15962828465299336
2023-10-09T03:00:00Z,405.6905,1.5791634,11.6414,0.31,282,10,3,-0.6765644634845039
2023-10-09T06:00:00Z,245.00516,1.5046834000000002,12.093,0.299,282,10,6,-2.414736391394691
2023-10-09T09:00:00Z,408.79742,1.2180834000000005,11.3599,2.576,282,10,9,0.281308971637822
2023-10-09T12:00:00Z,627.79034,0.4787134000000002,11.0768,3.198,282,10,12,-0.11235730168465632
2023-10-09T15:00:00Z,743.1164,0.3827434000000003,11.0538,0.438,282,10,15,0.9399873646339864
2023-10-09T18:00:00Z,972.67365,1.3176534000000002,10.6938,1.674,282,10,18,-0.6541822601749849
2023-10-09T21:00:00Z,971.9865,2.1046234000000004,10.5744,0.769,282,10,21,-1.1191560010772958
2023-10-10T00:00:00Z,264.70016,1.9022534,11.8193,0.95,283,10,0,0.5022602677234894
2023-10-10T03:00:00Z,487.97916,1.4158334000000004,11.4467,1.893,283,10,3,1.692365322234153
2023-10-10T06:00:00Z,565.6829,1.4955234000000002,11.3049,1.122,283,10,6,0.4648294192743061
2023-10-10T09:00:00Z,384.01364,1.4845234000000005,11.1167,0.822,283,10,9,1.3675572619158238
2023-10-10T12:00:00Z,626.53107,0.8338134000000004,11.2733,0.38,283,10,12,0.9952081695202173
2023-10-10T15:00:00Z,706.41205,0.3724134000000001,11.0682,10.14,283,10,15,0.7050205028962392
2023-10-10T18:00:00Z,910.7567,1.1719934000000003,10.7248,10.52,283,10,18,1.3877971566323084
2023-10-10T21:00:00Z,999.2445,2.161933400000001,10.4525,8.23,283,10,21,-0.861709319302689
2023-10-11T00:00:00Z,658.39417,2.0085034000000004,11.1632,7.629,284,10,0,-0.49333358208846506
2023-10-11T03:00:00Z,648.8363,1.3881634000000005,11.1101,3.62,284,10,3,0.8221770382884854
2023-10-11T06:00:00Z,673.79083,1.4626334,11.1328,0.265,284,10,6,-0.728448595150062
2023-10-11T09:00:00Z,935.3845,1.6936834000000005,10.5677,4.476,284,10,9,2.122410467436279
2023-10-11T12:00:00Z,749.0836,1.1810234000000004,10.9816,6.109,284,10,12,0.141595120739373
2023-10-11T15:00:00Z,745.52954,0.5312234000000005,11.0655,5.616,284,10,15,1.6706062121058207
2023-10-11T18:00:00Z,976.46655,1.0063634,10.4441,1.652,284,10,18,-1.094529601021307
2023-10-11T21:00:00Z,1014.11774,1.9663734000000004,10.2609,2.523,284,10,21,-1.6827975916622433
2023-10-12T00:00:00Z,571.50037,1.8431134,11.1963,0.84,285,10,0,-0.6917651058537864
2023-10-12T03:00:00Z,573.42365,1.0726734000000002,11.2294,0.7,285,10,3,2.109714439304196
2023-10-12T06:00:00Z,886.77655,1.0769534000000005,10.854,1.757,285,10,6,1.757535697626454
2023-10-12T09:00:00Z,1016.829,1.5517334000000005,10.3573,0.464,285,10,9,0.13023549494467582
2023-10-12T12:00:00Z,685.1128,1.2647934000000003,10.8852,0.133,285,10,12,2.3195356244482017
2023-10-12T15:00:00Z,743.76447,0.5280934000000004,10.9004,0.978,285,10,15,0.7887027575130877
2023-10-12T18:00:00Z,938.8458,0.7801334000000004,10.4102,0.535,285,10,18,0.04650764062074966
2023-10-12T21:00:00Z,938.7965,1.7405834000000002,10.4004,3.023,285,10,21,0.6193594038338089
2023-10-13T00:00:00Z,602.7175,1.7653834000000004,11.2738,2.744,286,10,0,0.5723288677756511
2023-10-13T03:00:00Z,497.7043,0.9447234000000004,11.3577,0.464,286,10,3,-1.3088819651914017
2023-10-13T06:00:00Z,765.9903,0.8068234000000003,11.0961,0.152,286,10,6,1.0773858199506468
2023-10-13T09:00:00Z,1007.1765,1.5259534,10.3669,0.705,286,10,9,1.208671061682689
2023-10-13T12:00:00Z,772.3607,1.5524434000000005,10.6325,1.313,286,10,12,0.4782676897831221
2023-10-13T15:00:00Z,827.4815,0.8694634000000003,10.713,7.076,286,10,15,0.4139098778038659
2023-10-13T18:00:00Z,901.55206,0.9008534000000004,10.5698,6.427,286,10,18,0.7733379045999785
2023-10-13T21:00:00Z,953.3111,1.8278034000000003,10.4543,6.687,286,10,21,-0.20380952594527657
2023-10-14T00:00:00Z,899.1328,1.9236534000000003,10.6624,3.744,287,10,0,0.19147324272015695
2023-10-14T03:00:00Z,761.73376,1.0306934,10.9641,2.418,287,10,3,-0.7778886054254436
2023-10-14T06:00:00Z,767.8664,0.6036034000000003,11.0449,0.347,287,10,6,-1.2896199235144408
2023-10-14T09:00:00Z,998.66187,1.4270034000000005,10.4229,0.155,287,10,9,1.423738410405994
2023-10-14T12:00:00Z,980.2857,1.7779034000000002,10.6802,1.805,287,10,12,-0.10202994097260676
2023-10-14T15:00:00Z,807.1399,1.2441834000000005,10.8028,0.101,287,10,15,0.8661151251402711
2023-10-14T18:00:00Z,864.0258,1.0103834000000005,10.6725,0.896,287,10,18,1.5953156577367469
2023-10-14T21:00:00Z,898.16315,1.7731934000000005,10.6774,3.143,287,10,21,0.27459301776513284
2023-10-15T00:00:00Z,825.63226,1.9452934,10.9832,0.615,288,10,0,1.8772262023617556
2023-10-15T03:00:00Z,815.5826,0.9601334,10.9148,0.905,288,10,3,-1.3162067968997364
2023-10-15T06:00:00Z,815.0757,0.2310234000000002,10.9527,1.65,288,10,6,0.4000075968439377
2023-10-15T09:00:00Z,905.7975,1.0877034,10.7683,0.472,288,10,9,-0.48919689548471784
2023-10-15T12:00:00Z,908.0623,1.8720834,10.7839,0.471,288,10,12,-0.408397314479587
2023-10-15T15:00:00Z,873.8007,1.5345834000000005,10.8967,0.197,288,10,15,0.6684686275110862
2023-10-15T18:00:00Z,783.3664,1.1244834000000004,10.9613,1.456,288,10,18,0.006948869742422972
2023-10-15T21:00:00Z,850.21875,1.7056834000000003,10.8818,1.683,288,10,21,0.40633916040231705
2023-10-16T00:00:00Z,863.7102,1.9898434000000005,10.96,2.255,289,10,0,0.385577827930137
2023-10-16T03:00:00Z,853.6074,1.0023934000000003,10.9832,0.151,289,10,3,-0.2977084645660721
2023-10-16T06:00:00Z,904.2965,-0.02747659999999951,10.9024,0.784,289,10,6,0.5155643073576939
2023-10-16T09:00:00Z,949.4128,0.7494434000000001,10.7544,0.689,289,10,9,-2.4133051849725953
2023-10-16T12:00:00Z,971.609,1.9145234,10.6287,1.154,289,10,12,0.31724548998605356
2023-10-16T15:00:00Z,969.0455,1.8866434000000003,10.7561,9.14,289,10,15,-0.007894320817689248
2023-10-16T18:00:00Z,898.93024,1.5131534000000002,11.0004,1.103,289,10,18,-0.02840931640582432
2023-10-16T21:00:00Z,897.71466,1.9459434,10.7611,0.831,289,10,21,-1.3550824314582386
2023-10-17T00:00:00Z,874.6474,2.1436834000000005,11.0441,2.162,290,10,0,-0.08451667648454872
2023-10-17T03:00:00Z,869.97864,1.1635034000000002,10.9734,1.281,290,10,3,0.41844647520646927
2023-10-17T06:00:00Z,898.29694,-0.18111659999999977,10.992,1.009,290,10,6,0.4440156901753419
2023-10-17T09:00:00Z,952.4195,0.32837340000000026,10.6879,0.96,290,10,9,0.642598168521271
2023-10-17T12:00:00Z,968.4465,1.6264934000000002,10.5101,0.756,290,10,12,1.2259928617350027
2023-10-17T15:00:00Z,964.27454,1.9505634000000005,10.469,0.419,290,10,15,0.4486657015836762
2023-10-17T18:00:00Z,908.38416,1.5635634000000005,10.856,0.731,290,10,18,-0.43260775162215576
2023-10-17T21:00:00Z,899.9864,1.8040834000000003,10.6998,0.155,290,10,21,0.5134834084950798
2023-10-18T00:00:00Z,927.1753,2.1424134000000006,10.6423,4.424,291,10,0,1.5813536401106705
2023-10-18T03:00:00Z,910.5809,1.2726034000000004,10.7629,2.929,291,10,3,-0.30975756025471946
2023-10-18T06:00:00Z,935.8773,-0.07865659999999952,10.861,1.093,291,10,6,-0.34270236148968536
2023-10-18T09:00:00Z,864.1619,0.02185340000000035,10.8305,1.445,291,10,9,-0.505376141845112
2023-10-18T12:00:00Z,861.9662,1.3843834000000004,10.8151,0.489,291,10,12,-0.3917738482314931
2023-10-18T15:00:00Z,874.6751,2.0795734,10.7606,0.91,291,10,15,-1.5812495173332464
2023-10-18T18:00:00Z,883.2774,1.9274434000000005,10.9587,0.746,291,10,18,2.3173579042408328
2023-10-18T21:00:00Z,802.5134,1.9388534,11.1012,2.312,291,10,21,0.4457719294039021
2023-10-19T00:00:00Z,794.934,2.0950934000000005,11.1325,2.102,292,10,0,0.02492722142331014
2023-10-19T03:00:00Z,811.1001,1.5083834000000005,11.1,1.164,292,10,3,0.34568883997123034
2023-10-19T06:00:00Z,922.68787,0.07279340000000012,10.9802,1.002,292,10,6,0.021659709853885042
2023-10-19T09:00:00Z,952.0045,-0.2651665999999997,10.8834,0.328,292,10,9,-0.543773548695346
2023-10-19T12:00:00Z,861.9382,0.9197934,10.9283,0.378,292,10,12,0.38557110684061036
2023-10-19T15:00:00Z,841.7395,2.0148734000000004,10.9297,0.964,292,10,15,0.6285405092489401
2023-10-19T18:00:00Z,816.3125,2.1088934000000004,11.0922,0.676,292,10,18,-0.673215653970255
2023-10-19T21:00:00Z,705.0033,1.9673134000000003,11.5717,2.339,292,10,21,-0.6025413918868698
2023-10-20T00:00:00Z,762.45435,2.0967034,11.5334,1.56,293,10,0,-0.9886663609437315
2023-10-20T03:00:00Z,796.5925,1.6886734000000003,11.3029,1.25,293,10,3,1.5082869797636542
2023-10-20T06:00:00Z,918.60345,0.3571734000000002,11.0434,1.312,293,10,6,-0.3783421868673642
2023-10-20T09:00:00Z,967.6723,-0.40527659999999965,11.0276,1.189,293,10,9,1.2171942588661084
2023-10-20T12:00:00Z,850.71326,0.42483340000000025,11.1301,0.675,293,10,12,-1.633063558871011
2023-10-20T15:00:00Z,825.7779,1.7547034000000004,11.1437,0.46,293,10,15,-0.12106960460740465
2023-10-20T18:00:00Z,817.9279,2.1546934,11.1927,1.579,293,10,18,0.17848435741108684
2023-10-20T21:00:00Z,755.6323,1.9564634000000003,11.3766,3.421,293,10,21,-0.25743969779250064
2023-10-21T00:00:00Z,715.5811,2.0230234000000005,11.5018,2.079,294,10,0,0.9014357882094555
2023-10-21T03:00:00Z,787.5037,1.7752334000000003,11.1931,0.219,294,10,3,-0.011516620757817132
2023-10-21T06:00:00Z,903.40515,0.7457534000000003,11.1336,0.454,294,10,6,-0.4177869400671306
2023-10-21T09:00:00Z,964.878118,-0.31562659999999987,10.9891,0.213,294,10,9,0.09051939494330045
2023-10-21T12:00:00Z,894.259775,0.05320340000000012,11.1912,0.51,294,10,12,-1.8250047726809255
2023-10-21T15:00:00Z,825.2365,1.4054034000000004,11.1747,0.029,294,10,15,-0.27672921202775264
2023-10-21T18:00:00Z,812.1586,2.1429234000000004,11.2255,2.644,294,10,18,-0.27676750908891506
2023-10-21T21:00:00Z,790.70294,2.0782034000000005,11.3364,2.841,294,10,21,-0.3376387701741322
2023-10-22T00:00:00Z,630.46466,1.9531134000000003,11.4359,0.059,295,10,0,0.05250292466773863
2023-10-22T03:00:00Z,858.4897,1.7791434000000004,11.3079,1.893,295,10,3,-2.5689989402092337
2023-10-22T06:00:00Z,865.9272,1.1143234000000004,11.2682,0.35,295,10,6,-0.7090367833607218
2023-10-22T09:00:00Z,938.5202,0.01908340000000041,11.1014,0.505,295,10,9,-1.7411438383741982
2023-10-22T12:00:00Z,924.43414,-0.15806659999999972,11.1039,0.181,295,10,12,-0.14526189295319714
2023-10-22T15:00:00Z,762.77466,0.9449234000000004,11.4243,0,295,10,15,0.00162162339403647
2023-10-22T18:00:00Z,747.4943,2.0452834,11.4159,3.099,295,10,18,0.40541120261244556
2023-10-22T21:00:00Z,677.38306,2.1747634,11.6101,4.505,295,10,21,0.8224827538676411
2023-10-23T00:00:00Z,558.63086,1.7743634000000004,11.6849,1.324,296,10,0,1.048843782876547
2023-10-23T03:00:00Z,684.4077,1.7207734000000003,11.5583,0.16,296,10,3,-0.05508790874290138
2023-10-23T06:00:00Z,876.19574,1.3887534,11.289,0.434,296,10,6,0.6625796705380536
2023-10-23T09:00:00Z,897.18384,0.4932534000000004,11.1359,1.488,296,10,9,-0.43563224969439035
2023-10-23T12:00:00Z,923.1814,-0.23277659999999975,11.1943,1.619,296,10,12,-0.3774825048625419
2023-10-23T15:00:00Z,782.7155,0.4579334000000004,11.3572,0.608,296,10,15,0.005980643494414521
2023-10-23T18:00:00Z,757.72003,1.8277134000000004,11.3894,0.801,296,10,18,-0.4410802863067554
2023-10-23T21:00:00Z,738.09674,2.1710434000000003,11.4346,0.951,296,10,21,1.3171989454133661
2023-10-24T00:00:00Z,721.3078,1.6619934000000005,11.3428,1.027,297,10,0,1.076195904889891
2023-10-24T03:00:00Z,777.25037,1.5113634000000005,11.1889,0.559,297,10,3,-0.9748621155987006
2023-10-24T06:00:00Z,818.3272,1.4620634000000003,11.1094,0.257,297,10,6,-2.0764770640321575
2023-10-24T09:00:00Z,906.7988,0.9305934000000002,11.0528,1.321,297,10,9,0.3312340595214653
2023-10-24T12:00:00Z,922.2838,-0.02746659999999989,11.0775,1.49,297,10,12,-1.1446040207082606
2023-10-24T15:00:00Z,822.0035,0.2221434000000002,11.1521,0,297,10,15,0.5122113387080451
2023-10-24T18:00:00Z,799.57574,1.5914134000000004,11.2049,0.475,297,10,18,-0.019606593776830175
2023-10-24T21:00:00Z,776.7459,2.2706934000000003,11.2562,1.86,297,10,21,-0.07452897211634603
2023-10-25T00:00:00Z,782.4376,1.7354134000000003,11.1846,0.464,298,10,0,1.0154030602011606
2023-10-25T03:00:00Z,791.66925,1.2807834000000002,11.1542,1.823,298,10,3,-0.11069780367469886
2023-10-25T06:00:00Z,821.7843,1.5789234000000003,11.124,0.806,298,10,6,0.6890098983705488
2023-10-25T09:00:00Z,896.6593,1.4500134000000005,11.0461,0.197,298,10,9,-0.6384682795081347
2023-10-25T12:00:00Z,869.5475,0.5686034000000002,11.0628,0.038,298,10,12,-3.3900874080274366
2023-10-25T15:00:00Z,914.80164,0.19903340000000025,11.0283,0.521,298,10,15,-1.3617563214133808
2023-10-25T18:00:00Z,855.2328,1.2350134,11.0132,0.279,298,10,18,-0.4744642445060897
2023-10-25T21:00:00Z,832.8697,2.1404634,11.0314,1.586,298,10,21,0.8550607662203147
2023-10-26T00:00:00Z,761.9936,1.5892834000000002,11.1214,0.821,299,10,0,0.5892429015492857
2023-10-26T03:00:00Z,815.14343,0.6826534000000004,11.0174,0.262,299,10,3,0.17346869049745528
2023-10-26T06:00:00Z,867.5113,1.1067634000000002,10.7901,0.108,299,10,6,-1.281244994332435
2023-10-26T09:00:00Z,884.86664,1.5341334000000004,10.7381,0.478,299,10,9,1.2706748355391628
2023-10-26T12:00:00Z,843.2911,0.9002634000000005,10.6129,1.041,299,10,12,1.4480123328533563
2023-10-26T15:00:00Z,836.94165,0.17872340000000042,10.8157,1.288,299,10,15,0.32501507449509637
2023-10-26T18:00:00Z,871.8131,0.9905834000000002,10.6582,0.419,299,10,18,-0.2594167699876907
2023-10-26T21:00:00Z,859.45483,2.0934034000000006,10.6831,2.255,299,10,21,1.3617393839625727
2023-10-27T00:00:00Z,754.942,1.5247434000000002,10.9274,1.167,300,10,0,-1.5111430446670062
2023-10-27T03:00:00Z,780.5457,0.2480634000000004,10.8778,0.039,300,10,3,1.4171673268092555
2023-10-27T06:00:00Z,861.617,0.5456034000000001,10.6061,0.561,300,10,6,1.442323744701134
2023-10-27T09:00:00Z,861.4558,1.4708134000000004,10.5953,0.762,300,10,9,0.1987172200231035
2023-10-27T12:00:00Z,876.6573,1.2277634000000002,10.6183,0.977,300,10,12,-2.4898252132983525
2023-10-27T15:00:00Z,886.6678,0.44103340000000024,10.5638,0.811,300,10,15,-1.8580405436059555
2023-10-27T18:00:00Z,857.07794,0.8625434000000003,10.4762,3.549,300,10,18,-0.013841830645467238
2023-10-27T21:00:00Z,870.335,1.9814934,10.5084,2.928,300,10,21,0.7366440223532695
2023-10-28T00:00:00Z,798.8112,1.5470534000000002,10.6689,0.162,301,10,0,-0.8905076522326995
2023-10-28T03:00:00Z,816.5302,0.0598434000000001,10.7083,0,301,10,3,-0.16539625977387126
2023-10-28T06:00:00Z,893.07367,-0.10661659999999971,10.5528,0.468,301,10,6,1.1208672017939836
2023-10-28T09:00:00Z,883.5291,1.1422634000000005,10.3189,0.672,301,10,9,-0.01573824134770028
2023-10-28T12:00:00Z,904.85175,1.5014634000000004,10.2948,0.243,301,10,12,0.8116247854652192
2023-10-28T15:00:00Z,887.8236,0.9208634000000004,10.1313,0.461,301,10,15,0.2257566361923109
2023-10-28T18:00:00Z,889.5064,0.9857634000000002,10.2701,2.253,301,10,18,-0.29394176535787314
2023-10-28T21:00:00Z,892.46796,1.8755134,10.2818,2.885,301,10,21,-1.4750245308393888
2023-10-29T00:00:00Z,793.21216,1.6555334000000004,10.5065,1.713,302,10,0,-0.8519651802250026
2023-10-29T03:00:00Z,796.7358,0.10615340000000018,10.5345,1.076,302,10,3,0.8051017875135024
2023-10-29T06:00:00Z,818.10547,-0.6566065999999999,10.5342,1.536,302,10,6,1.8586415515359516
2023-10-29T09:00:00Z,901.841,0.6388034000000005,10.2708,1.41,302,10,9,1.0621444760305507
2023-10-29T12:00:00Z,926.6552,1.7289834000000002,10.2408,1.13,302,10,12,-0.1333256858521058
2023-10-29T15:00:00Z,885.3919,1.3716834000000002,10.2643,1.036,302,10,15,-1.509614051298949
2023-10-29T18:00:00Z,815.5307,1.1086234000000004,10.4623,0.213,302,10,18,1.130132736507017
2023-10-29T21:00:00Z,927.16345,1.7891734000000004,10.1841,2.266,302,10,21,0.6928145314033083
2023-10-30T00:00:00Z,811.1652,1.8457634000000005,10.4589,0.524,303,10,0,-0.9087594734049587
2023-10-30T03:00:00Z,811.69055,0.3667434000000003,10.4554,0.959,303,10,3,0.24083667031597475
2023-10-30T06:00:00Z,854.66644,-0.8428865999999999,10.3921,1.336,303,10,6,-0.9807035976605578
2023-10-30T09:00:00Z,918.41614,0.1526434000000001,10.2644,1.367,303,10,9,-0.6595596640386551
2023-10-30T12:00:00Z,957.33746,1.6921034000000004,10.2229,0.69,303,10,12,0.5393466978172325
2023-10-30T15:00:00Z,926.2447,1.7366234000000005,10.1773,0.926,303,10,15,0.29483165962211033
2023-10-30T18:00:00Z,837.46277,1.3505934000000002,10.2919,0.329,303,10,18,1.2824597054622449
2023-10-30T21:00:00Z,922.5735,1.8364534000000003,10.1936,3.485,303,10,21,-0.41835992962038326
2023-10-31T00:00:00Z,866.4098,1.9803334000000004,10.4011,0.427,304,10,0,0.5954250125870703
2023-10-31T03:00:00Z,804.7269,0.7527334000000003,10.2899,0.982,304,10,3,1.301046207926259
2023-10-31T06:00:00Z,822.5242,-0.7887165999999999,10.3417,0.158,304,10,6,-0.35898416434082625
2023-10-31T09:00:00Z,938.8763,-0.1831265999999996,10.1311,0.77,304,10,9,0.38417837172385566
2023-10-31T12:00:00Z,972.2533,1.4940334000000002,10.1347,0.817,304,10,12,1.735843728668245
2023-10-31T15:00:00Z,969.20953,1.9753834000000003,10.0688,0.302,304,10,15,-1.0937190024524663
2023-10-31T18:00:00Z,846.813,1.6478734000000004,10.1842,0.885,304,10,18,0.25152070063524906
2023-10-31T21:00:00Z,924.98584,1.8768334,10.145,2.018,304,10,21,0.3954176692806236
2023-11-01T00:00:00Z,820.8732,2.0301834000000003,10.3045,0.508,305,11,0,1.789719121082294
2023-11-01T03:00:00Z,840.8129,1.1093234,10.1696,0.902,305,11,3,-0.3683821666734535
2023-11-01T06:00:00Z,848.675,-0.4990665999999999,10.2303,0.031,305,11,6,-0.1510219087455904
2023-11-01T09:00:00Z,955.6628,-0.4459466000000001,10.0334,1.014,305,11,9,-1.1653460781550886
2023-11-01T12:00:00Z,981.55835,1.1274234,10.0532,0.108,305,11,12,1.0075929539216406
2023-11-01T15:00:00Z,967.4547,2.0646434000000005,10.0347,0.071,305,11,15,-1.6803937489780973
2023-11-01T18:00:00Z,868.43933,1.9557734,10.1916,0.88,305,11,18,-2.334302418424806
2023-11-01T21:00:00Z,815.58777,1.8872234000000003,10.3304,1.474,305,11,21,-3.0381131756312905
2023-11-02T00:00:00Z,861.06665,2.0144634000000003,10.2447,0.3,306,11,0,-0.4801802730355891
2023-11-02T03:00:00Z,848.96375,1.3941134000000002,10.2612,0.348,306,11,3,-1.2992469558809583
2023-11-02T06:00:00Z,879.8586,-0.05406659999999963,10.2422,0.73,306,11,6,-0.08096138397940578
2023-11-02T09:00:00Z,923.7068,-0.3984965999999997,10.2001,1.903,306,11,9,1.6604605960466319
2023-11-02T12:00:00Z,983.4161,0.8857334000000003,10.1018,1.736,306,11,12,1.04716759076518
2023-11-02T15:00:00Z,1019.74084,2.2521434000000005,10.0173,2.075,306,11,15,-0.37252206455545017
2023-11-02T18:00:00Z,887.274,2.3440534,10.3234,0.841,306,11,18,-1.1637851163005635
2023-11-02T21:00:00Z,854.4778,2.0333234000000004,10.4256,3.528,306,11,21,-0.15189712602742306
2023-11-03T00:00:00Z,846.327,1.9572234,10.409,1.03,307,11,0,0.27522146625487276
2023-11-03T03:00:00Z,885.3336,1.5221034000000002,10.3329,2.713,307,11,3,-0.5286202086425349
2023-11-03T06:00:00Z,908.5361,0.3028634000000001,10.2409,0.158,307,11,6,-1.6965607649961376
2023-11-03T09:00:00Z,916.41125,-0.4777965999999996,10.2556,0.651,307,11,9,-2.079109713192866
2023-11-03T12:00:00Z,1007.76447,0.32833340000000044,10.0505,1.052,307,11,12,1.0534093135344835
2023-11-03T15:00:00Z,1039.5432,1.7344734000000002,9.8651,0.628,307,11,15,-0.17027056971999924
2023-11-03T18:00:00Z,967.4293,2.1595334000000004,9.9609,0.326,307,11,18,0.9451835542710947
2023-11-03T21:00:00Z,865.1305,1.8757734000000004,10.1682,0.565,307,11,21,-0.5372124179406653
2023-11-04T00:00:00Z,840.9224,1.7625434000000002,10.2836,2.274,308,11,0,1.0219119940048649
2023-11-04T03:00:00Z,854.0402,1.5261634000000002,10.2981,7.64,308,11,3,-0.5927894857475116
2023-11-04T06:00:00Z,893.6906,0.7859934000000002,10.3142,9.32,308,11,6,0.5520583508964776
2023-11-04T09:00:00Z,932.9599,-0.02681659999999963,10.3111,0.476,308,11,9,-1.3663205845150876
2023-11-04T12:00:00Z,1029.3839,0.38480340000000046,9.9635,2.541,308,11,12,-0.06625067437068811
2023-11-04T15:00:00Z,1063.857,1.6949834000000004,9.799,1.11,308,11,15,1.1389833372244693
2023-11-04T18:00:00Z,896.8857,2.3696634000000003,10.1152,1.426,308,11,18,-0.6269509345978647
2023-11-04T21:00:00Z,826.2639,2.1997434,NA,1.905,308,11,21,0.6758740336495239
2023-11-05T00:00:00Z,891.8957,1.8286934000000004,10.6197,0.436,309,11,0,0.12473887912997596
2023-11-05T03:00:00Z,861.5962,1.5843034000000005,10.5273,0.916,309,11,3,0.7519320568243091
2023-11-05T06:00:00Z,882.43616,1.0647934,10.3756,1.73,309,11,6,1.3574958692803218
2023-11-05T09:00:00Z,896.0226,0.3102934000000004,10.2709,0.651,309,11,9,-0.1931055444255499
2023-11-05T12:00:00Z,928.04663,0.26587340000000026,10.1326,1.129,309,11,12,0.40580304750234186
2023-11-05T15:00:00Z,1041.2039,1.2456234000000004,9.8959,1.805,309,11,15,1.8725295215451647
2023-11-05T18:00:00Z,1023.6962,2.2128934000000005,9.7569,0.478,309,11,18,-1.2571823658885295
2023-11-05T21:00:00Z,868.5942,2.2276934000000006,10.1525,2.48,309,11,21,-0.6700391500234664
2023-11-06T00:00:00Z,870.17194,1.6987234000000002,10.2683,5.527,310,11,0,-0.8746640334383284
2023-11-06T03:00:00Z,927.41425,1.5356734000000003,10.2468,0.286,310,11,3,0.3412908759826948
2023-11-06T06:00:00Z,956.54895,1.2887434000000004,10.2213,6.638,310,11,6,0.9275405933848738
2023-11-06T09:00:00Z,943.9125,0.7892234000000005,10.1721,1.407,310,11,9,-0.8213354559142652
2023-11-06T12:00:00Z,962.23035,0.48337340000000006,10.128,1.534,310,11,12,0.8718797283418921
2023-11-06T15:00:00Z,1025.7605,1.1343834000000004,9.8211,0.302,310,11,15,0.04065992015146314
2023-11-06T18:00:00Z,1029.9996,2.2035134000000003,9.7893,0.158,310,11,18,0.36900301915593836
2023-11-06T21:00:00Z,968.885,2.3426834000000003,9.7453,1.498,310,11,21,-0.2565257947177242
2023-11-07T00:00:00Z,878.46985,1.7054234000000004,10.2639,0.047,311,11,0,0.09274642881458749
2023-11-07T03:00:00Z,888.7193,1.3658734000000003,10.2245,0.795,311,11,3,-1.1416968125027949
2023-11-07T06:00:00Z,950.233,1.3281434,10.1723,0,311,11,6,-1.517629444768505
2023-11-07T09:00:00Z,920.2707,1.0465834000000005,10.1302,1.861,311,11,9,-0.2638753987339423
2023-11-07T12:00:00Z,939.044,0.6117834000000002,10.1027,0.052,311,11,12,1.0885437229935333
2023-11-07T15:00:00Z,996.0935,0.9022034000000004,10.0005,1.588,311,11,15,1.1172273904892296
2023-11-07T18:00:00Z,974.77484,1.8097534,9.9077,1.693,311,11,18,0.02202747324624701
2023-11-07T21:00:00Z,940.59625,2.1002634,10.0325,1.116,311,11,21,-0.8493695195574078
2023-11-08T00:00:00Z,882.9652,1.4492834,10.1105,0.985,312,11,0,-0.5443864329536092
2023-11-08T03:00:00Z,930.74,0.9203334,10.0627,0.584,312,11,3,-0.031074969316824557
2023-11-08T06:00:00Z,942.70105,1.0069134000000002,9.928,0.939,312,11,6,0.41635830884507713
2023-11-08T09:00:00Z,1000.53015,1.0358434,9.8453,3.083,312,11,9,1.3908361951176573
2023-11-08T12:00:00Z,1003.8315,0.6705934000000005,9.8973,2.26,312,11,12,0.06159764008365172
2023-11-08T15:00:00Z,959.28,0.6785134000000004,9.838,2.259,312,11,15,-0.6695478675874523
2023-11-08T18:00:00Z,932.6665,1.4595534000000003,9.8754,0,312,11,18,0.06603129235261054
2023-11-08T21:00:00Z,897.53107,1.9429234,10.011,1.018,312,11,21,0.4855851744169717
2023-11-09T00:00:00Z,829.0964,1.3498834000000004,10.0719,0.776,313,11,0,-1.0938781050515363
2023-11-09T03:00:00Z,862.3257,0.6364234000000004,10.0101,1.775,313,11,3,-1.1159388093286307
2023-11-09T06:00:00Z,903.2573,0.8802134000000001,9.9381,0,313,11,6,-0.7468795988928363
2023-11-09T09:00:00Z,930.4102,1.2720434000000005,9.9051,0.069,313,11,9,1.803588322267725
2023-11-09T12:00:00Z,960.23224,1.0420634000000004,9.8267,0.089,313,11,12,-2.3382356186294557
2023-11-09T15:00:00Z,1078.54,0.8381934000000002,9.95,2.13,313,11,15,-2.241063490662877
2023-11-09T18:00:00Z,910.0061,1.5042234000000003,9.8066,1.015,313,11,18,-1.4754322140880098
2023-11-09T21:00:00Z,891.767,2.1026834,9.9633,1.833,313,11,21,-1.797794901354414
2023-11-10T00:00:00Z,838.86865,1.5490134000000002,9.9576,10.13,314,11,0,-0.36193678225646875
2023-11-10T03:00:00Z,941.99084,0.5521134000000001,9.97,1.616,314,11,3,-0.0921403069855267
2023-11-10T06:00:00Z,908.5916,0.7685134000000002,9.9586,1.675,314,11,6,-1.788609345048177
2023-11-10T09:00:00Z,883.36194,1.4251534,9.9512,0.91,314,11,9,0.27277449380194
2023-11-10T12:00:00Z,915.19196,1.3234834000000002,9.8441,2.447,314,11,12,-0.13771675514110737
2023-11-10T15:00:00Z,931.9314,0.9869534000000004,9.8987,1.687,314,11,15,-0.1140576429689402
2023-11-10T18:00:00Z,873.14923,1.4740334000000002,9.9022,0.282,314,11,18,2.3935848966890756
2023-11-10T21:00:00Z,862.42596,2.0686334000000004,9.9254,1.229,314,11,21,1.4108642046101025
2023-11-11T00:00:00Z,836.0983,1.4901334000000004,10.004,0.761,315,11,0,0.7505266039348304
2023-11-11T03:00:00Z,907.3816,0.3618134000000004,9.9513,10.75,315,11,3,-0.01724974200539592
2023-11-11T06:00:00Z,863.2085,0.5470034000000004,9.9835,11.24,315,11,6,-1.2558415885879617
2023-11-11T09:00:00Z,830.65063,1.6328934000000004,10.1344,2.692,315,11,9,-0.08489160983246362
2023-11-11T12:00:00Z,832.6626,1.8507634,10.0992,1.124,315,11,12,0.3634525664659073
2023-11-11T15:00:00Z,897.98883,1.4863434000000004,9.9567,2.144,315,11,15,-0.398953431727898
2023-11-11T18:00:00Z,889.81915,1.7229834000000002,10.0704,1.963,315,11,18,0.6785450721949398
2023-11-11T21:00:00Z,854.959,2.1224434000000003,10.0998,0.546,315,11,21,-1.1261858538605314
2023-11-12T00:00:00Z,807.9375,1.6009934,10.0829,0.775,316,11,0,0.3377234301352111
2023-11-12T03:00:00Z,890.7602,0.25875340000000024,9.9604,2.089,316,11,3,-1.1452743621267172
2023-11-12T06:00:00Z,845.41425,0.11352340000000004,9.9086,2.289,316,11,6,-0.9408149596696799
2023-11-12T09:00:00Z,850.8019,1.2440434000000002,10.0318,1.619,316,11,9,0.728193836352029
2023-11-12T12:00:00Z,852.18933,1.8637534,9.9881,0.448,316,11,12,-2.017208413340852
2023-11-12T15:00:00Z,885.0136,1.6185434,9.7753,5.904,316,11,15,0.38661768854352285
2023-11-12T18:00:00Z,838.0683,1.7032134000000003,9.9221,0.037,316,11,18,0.4711566810955371
2023-11-12T21:00:00Z,823.73694,2.2068234,10.0205,1.388,316,11,21,1.4049088841052226
2023-11-13T00:00:00Z,806.47986,1.8043634,10.0018,0.628,317,11,0,1.6048978366879993
2023-11-13T03:00:00Z,871.6168,0.3576134000000004,9.9024,0.718,317,11,3,0.39040123958797485
2023-11-13T06:00:00Z,883.8498,-0.12508659999999994,9.8039,0.874,317,11,6,-2.255187494742044
2023-11-13T09:00:00Z,856.6672,1.0742134,10.0052,1.071,317,11,9,0.3703348790914133
2023-11-13T12:00:00Z,851.93964,2.0819234,10.0085,0.323,317,11,12,0.24066104782892236
2023-11-13T15:00:00Z,874.52686,1.9224534,9.8873,0.501,317,11,15,0.5712527566054632
2023-11-13T18:00:00Z,856.04443,1.7621534000000003,9.782,2.822,317,11,18,-0.05238209805442248
2023-11-13T21:00:00Z,820.63007,2.0902534000000004,10.0417,1.876,317,11,21,-0.4617649532334601
2023-11-14T00:00:00Z,791.16345,1.7629634000000003,10.0524,1.416,318,11,0,-0.33779566576521963
2023-11-14T03:00:00Z,857.77264,0.3136734000000003,9.9002,0.42,318,11,3,0.8817916350095192
2023-11-14T06:00:00Z,877.819,-0.6102065999999997,9.829,0.771,318,11,6,0.5887735773219744
2023-11-14T09:00:00Z,759.4861,0.4970734000000001,10.0992,0.911,318,11,9,-0.6259263294736622
2023-11-14T12:00:00Z,720.9826,1.9244234,10.2673,0.241,318,11,12,0.7562668820526787
2023-11-14T15:00:00Z,736.56366,2.0543234000000004,10.1233,0.636,318,11,15,-0.08398903452407287
2023-11-14T18:00:00Z,824.7313,1.8383534000000004,9.8506,0.696,318,11,18,-0.03580804168415759
2023-11-14T21:00:00Z,700.4809,2.1366034000000003,10.2927,1.526,318,11,21,1.3424716356883748
2023-11-15T00:00:00Z,735.194,1.9546934,10.1598,0.905,319,11,0,0.3423355196432769
2023-11-15T03:00:00Z,831.1163,0.5815034000000003,9.8566,0.199,319,11,3,-1.264647007417144
2023-11-15T06:00:00Z,862.4224,-0.7278365999999998,9.8286,2.086,319,11,6,0.5624471992352365
2023-11-15T09:00:00Z,688.9609,0.11682340000000035,10.1907,0.639,319,11,9,0.7825069818350903
2023-11-15T12:00:00Z,683.6078,1.7795934000000002,10.3847,1.21,319,11,12,0.8128128344331084
2023-11-15T15:00:00Z,695.9038,2.2005534000000004,10.268,0.162,319,11,15,-0.19198133840368536
2023-11-15T18:00:00Z,776.174,1.9629334000000005,9.8933,1.278,319,11,18,1.2552317166991416
2023-11-15T21:00:00Z,702.4238,2.2047334000000003,10.1462,2.843,319,11,21,-0.021259731052290065
2023-11-16T00:00:00Z,716.1251,2.0959634000000005,10.1394,1.47,320,11,0,1.1421992493669548
2023-11-16T03:00:00Z,821.65814,0.9162334000000004,9.8641,0.074,320,11,3,-1.2336823103489467
2023-11-16T06:00:00Z,868.5528,-0.6382865999999998,9.8268,0.134,320,11,6,0.18483204490137795
2023-11-16T09:00:00Z,717.266,-0.28683659999999955,10.0107,0.818,320,11,9,-0.5496981955931833
2023-11-16T12:00:00Z,705.01825,1.3925434,10.2494,0.344,320,11,12,-0.9021159040747576
2023-11-16T15:00:00Z,699.8487,2.1924434,10.2662,0.811,320,11,15,0.4983352850066617
2023-11-16T18:00:00Z,734.4613,2.0625434,10.061,1.519,320,11,18,-0.552606114001117
2023-11-16T21:00:00Z,674.9465,2.1212234000000003,10.1984,3.949,320,11,21,-0.5344315064385787
2023-11-17T00:00:00Z,669.5728,2.0905534,10.1105,0.659,321,11,0,0.4867103004783607
2023-11-17T03:00:00Z,767.8587,1.2009334000000005,9.8705,1.648,321,11,3,-0.62221390627475
2023-11-17T06:00:00Z,830.9233,-0.43426659999999995,9.8049,1.87,321,11,6,-1.795285417569515
2023-11-17T09:00:00Z,755.73376,-0.5862765999999997,9.8887,1.051,321,11,9,-0.3285329774876493
2023-11-17T12:00:00Z,718.47284,0.9066734000000004,10.1964,0.67,321,11,12,0.8602849299636319
2023-11-17T15:00:00Z,722.52966,2.1489434000000003,10.1325,0.707,321,11,15,-1.9185169928715216
2023-11-17T18:00:00Z,713.1411,2.2065834000000004,10.0264,1.155,321,11,18,0.3384448466438947
2023-11-17T21:00:00Z,706.8383,2.0840434000000005,10.0099,1.777,321,11,21,-0.5169175949528847
2023-11-18T00:00:00Z,686.3299,2.1083934,10.0242,0.385,322,11,0,-0.7725149221491368
2023-11-18T03:00:00Z,748.84174,1.5561134,9.7794,0.953,322,11,3,-0.5664924958788583
2023-11-18T06:00:00Z,800.3359,0.07244340000000049,9.757,0.874,322,11,6,0.1963740656335149
2023-11-18T09:00:00Z,814.44257,-0.5812865999999994,9.7428,1.425,322,11,9,0.8241693165704228
2023-11-18T12:00:00Z,780.4206,0.5489434000000002,10.0558,0.446,322,11,12,-0.27107238935252703
2023-11-18T15:00:00Z,809.44464,2.087163400000001,10.1128,1.075,322,11,15,-0.6745298005434136
2023-11-18T18:00:00Z,802.3477,2.3776634000000003,10.0505,0.946,322,11,18,0.025259740605074046
2023-11-18T21:00:00Z,757.4193,2.1214834,9.9562,1.523,322,11,21,0.48896770300975617
2023-11-19T00:00:00Z,755.0509,2.1290034,9.9456,0.328,323,11,0,-0.1777114843290574
2023-11-19T03:00:00Z,778.16876,1.8185534000000003,9.8246,0.591,323,11,3,-1.0254742620736221
2023-11-19T06:00:00Z,802.0904,0.7233734000000003,9.7929,1.458,323,11,6,-0.10341315866121106
2023-11-19T09:00:00Z,823.64667,-0.3365965999999996,9.8044,2.034,323,11,9,0.5829994556801907
2023-11-19T12:00:00Z,822.14825,0.24533340000000023,10.0744,0.555,323,11,12,1.103694002254332
2023-11-19T15:00:00Z,821.18036,1.7043434000000002,10.1017,1.025,323,11,15,0.13062956432120199
2023-11-19T18:00:00Z,796.51697,2.2147734000000003,10.0409,1.913,323,11,18,0.6260827478995995
2023-11-19T21:00:00Z,715.9117,1.8876834,9.9973,1.474,323,11,21,0.6632477428297574
2023-11-20T00:00:00Z,724.9016,1.5701034000000005,9.8393,0.767,324,11,0,1.148413120012954
2023-11-20T03:00:00Z,794.7454,1.4002734,9.7589,2.22,324,11,3,-0.4992116103303363
2023-11-20T06:00:00Z,780.6343,0.7485434000000004,9.6052,2.446,324,11,6,0.27710814217943897
2023-11-20T09:00:00Z,799.2466,-0.2745865999999997,9.6703,0.756,324,11,9,0.3039823534742067
2023-11-20T12:00:00Z,816.4078,-0.1873765999999999,9.7565,0.536,324,11,12,1.0296181160963156
2023-11-20T15:00:00Z,816.1229,1.1436834000000005,10.002,0.124,324,11,15,-1.9329144736297748
2023-11-20T18:00:00Z,809.1368,2.1625334,10.0038,0.855,324,11,18,0.08457118896079324
2023-11-20T21:00:00Z,719.29,1.8550434,9.9271,3.17,324,11,21,2.045039153005344
2023-11-21T00:00:00Z,727.0602,1.3055534000000004,9.7773,2.074,325,11,0,-0.20683732481118378
2023-11-21T03:00:00Z,759.11053,1.2061034000000004,9.7028,0.21,325,11,3,-0.2362861528740788
2023-11-21T06:00:00Z,816.5328,1.0532834000000002,9.6161,0.393,325,11,6,0.7715927149352129
2023-11-21T09:00:00Z,805.6536,0.36435340000000016,9.5385,0.78,325,11,9,-0.48307270211509534
2023-11-21T12:00:00Z,820.0369,-0.01217659999999964,9.5789,0.314,325,11,12,-0.42634689256669317
2023-11-21T15:00:00Z,837.62024,0.9408434000000004,9.9274,0.272,325,11,15,1.1840529304305567
2023-11-21T18:00:00Z,835.80743,2.1417834000000004,9.9523,1.43,325,11,18,-0.30952403335386125
2023-11-21T21:00:00Z,778.9752,2.0427634,9.8074,0.727,325,11,21,0.9658919587392613
2023-11-22T00:00:00Z,767.56775,1.1869434,9.7764,0.015,326,11,0,0.8292270177072368
2023-11-22T03:00:00Z,814.4426,1.0237434000000003,9.6952,1.213,326,11,3,0.1934969940253304
2023-11-22T06:00:00Z,826.17145,1.1376234000000005,9.8633,0.84,326,11,6,-1.0434249491137473
2023-11-22T09:00:00Z,852.2224,0.7780034000000002,9.729,0.37,326,11,9,-2.485163400483864
2023-11-22T12:00:00Z,847.63654,0.22245340000000047,9.6498,0.247,326,11,12,0.24906204450435554
2023-11-22T15:00:00Z,850.30084,0.7404634000000003,9.8977,1.07,326,11,15,1.1927186943345056
2023-11-22T18:00:00Z,840.15735,1.9357734,9.9141,1.325,326,11,18,-0.22282207784676425
2023-11-22T21:00:00Z,786.8438,1.9891834000000004,9.903,1.854,326,11,21,0.46162661082266426
2023-11-23T00:00:00Z,767.9453,0.9141434000000004,9.8144,2.269,327,11,0,-0.2530291945787214
2023-11-23T03:00:00Z,806.07275,0.4158134000000002,9.5404,0.476,327,11,3,1.4210589545087202
2023-11-23T06:00:00Z,830.4321,0.8861534000000004,9.8209,0.203,327,11,6,-1.0660085204949206
2023-11-23T09:00:00Z,858.84467,1.0586834,9.777,0.412,327,11,9,-1.1278337331253372
2023-11-23T12:00:00Z,848.3081,0.6778534000000005,9.6472,1.299,327,11,12,-0.40430572138110965
2023-11-23T15:00:00Z,844.28204,0.7744834000000003,9.6717,1.18,327,11,15,-1.5252057037156819
2023-11-23T18:00:00Z,834.36847,1.7240734000000002,9.8047,0.845,327,11,18,1.7511344288730362
2023-11-23T21:00:00Z,796.0677,1.9708734000000003,9.844,1.341,327,11,21,1.6780967062765586
2023-11-24T00:00:00Z,770.3738,0.8800434000000004,9.6694,0.524,328,11,0,-1.321085786984912
2023-11-24T03:00:00Z,809.6659,-0.10355659999999968,9.5667,1.198,328,11,3,0.5256420262744709
2023-11-24T06:00:00Z,835.4234,0.5333434000000001,9.6818,0.981,328,11,6,-0.8618553030192534
2023-11-24T09:00:00Z,835.7733,1.3031434000000002,9.6985,0.531,328,11,9,2.1843066285394337
2023-11-24T12:00:00Z,826.78973,1.1308534000000003,9.4887,0.182,328,11,12,-0.6331078755708756
2023-11-24T15:00:00Z,807.67236,0.8939834000000002,9.0508,0.725,328,11,15,0.6655116118940643
2023-11-24T18:00:00Z,848.93774,1.6274534000000005,9.6433,0.526,328,11,18,0.7317717087767154
2023-11-24T21:00:00Z,821.54285,2.0642134000000003,9.7179,4.049,328,11,21,0.8700075178536574
2023-11-25T00:00:00Z,776.089,0.9772134,9.59,0.456,329,11,0,0.4320219670714524
2023-11-25T03:00:00Z,804.4762,-0.41370659999999937,9.4953,0.022,329,11,3,0.32411103140140707
2023-11-25T06:00:00Z,831.75793,0.06299340000000031,9.5252,0.631,329,11,6,0.25653374857609346
2023-11-25T09:00:00Z,848.36914,1.2945434000000002,9.6552,0.208,329,11,9,-0.2997730346738475
2023-11-25T12:00:00Z,865.7694,1.4850434000000003,9.5836,0.763,329,11,12,0.9333557477065798
2023-11-25T15:00:00Z,856.99585,1.1626034,9.4582,0.488,329,11,15,1.120938634914433
2023-11-25T18:00:00Z,850.9276,1.6726234000000002,9.6163,0.347,329,11,18,-0.06434680363625937
2023-11-25T21:00:00Z,819.5138,2.1014534000000005,9.6622,2.054,329,11,21,-0.6721088622157814
2023-11-26T00:00:00Z,791.19916,1.1515334000000004,9.5605,0.776,330,11,0,0.9457791750377497
2023-11-26T03:00:00Z,810.5849,-0.5186766,9.4621,0.388,330,11,3,-0.4292533301812475
2023-11-26T06:00:00Z,834.1267,-0.45263659999999994,9.4133,1.235,330,11,6,0.06922083867778356
2023-11-26T09:00:00Z,863.4798,1.0445734000000004,9.6259,0.822,330,11,9,1.017140473244068
2023-11-26T12:00:00Z,869.2716,1.7558234000000004,9.6085,1.08,330,11,12,2.42100212359935
2023-11-26T15:00:00Z,892.10333,1.5625034000000002,9.4659,1.026,330,11,15,0.698070630088886
2023-11-26T18:00:00Z,858.6166,1.7343934000000003,9.5702,2.009,330,11,18,-0.3955664412855033
2023-11-26T21:00:00Z,863.61255,2.1463034000000003,9.621,1.644,330,11,21,0.8423975859550688
2023-11-27T00:00:00Z,792.1521,1.4246034,9.5402,0.373,331,11,0,-0.3822675492536513
2023-11-27T03:00:00Z,820.8855,-0.3300365999999997,9.4337,0.508,331,11,3,0.6704590583201312
2023-11-27T06:00:00Z,836.1859,-0.8123765999999994,9.3604,1.039,331,11,6,-0.9749068320377589
2023-11-27T09:00:00Z,873.7897,0.6880234000000001,9.6088,0.981,331,11,9,1.8455624559331223
2023-11-27T12:00:00Z,889.2616,1.9791234,9.5948,0.716,331,11,12,1.2504818392098196
2023-11-27T15:00:00Z,902.0463,1.9126634,9.5063,0.046,331,11,15,1.1716931936745012
2023-11-27T18:00:00Z,833.76544,1.8258934,9.4138,0.803,331,11,18,-2.185464740142972
2023-11-27T21:00:00Z,860.98096,2.1633434000000005,9.5902,1.74,331,11,21,0.05511199207316879
2023-11-28T00:00:00Z,785.50085,1.7043134000000002,9.5416,0.975,332,11,0,-0.27706126163282213
2023-11-28T03:00:00Z,824.8732,0.03280340000000015,9.393,1.572,332,11,3,-0.35390154759524617
2023-11-28T06:00:00Z,838.6643,-0.9536765999999997,9.3577,0.625,332,11,6,-0.29987128150271275
2023-11-28T09:00:00Z,876.4832,0.27121340000000016,NA,0.849,332,11,9,-1.3048530756384404
2023-11-28T12:00:00Z,905.02203,1.9441534000000005,9.5397,2.476,332,11,12,-0.17239573521307303
2023-11-28T15:00:00Z,897.6433,2.110483400000001,9.4547,1.031,332,11,15,-2.1799356380745074
2023-11-28T18:00:00Z,839.63385,1.8609134000000005,9.3582,0.78,332,11,18,-0.48476333178468084
2023-11-28T21:00:00Z,868.4902,2.1340834,9.4276,2.162,332,11,21,-0.79133046518164
2023-11-29T00:00:00Z,793.8981,1.8865434000000003,9.4131,0.554,333,11,0,-1.2389880290853759
2023-11-29T03:00:00Z,825.59393,0.43600340000000015,9.3055,1.257,333,11,3,-0.8291003564065408
2023-11-29T06:00:00Z,838.8693,-0.9225765999999992,9.3213,1.587,333,11,6,-0.6117396004473713
2023-11-29T09:00:00Z,886.93823,-0.08865659999999975,9.4409,0.027,333,11,9,-0.7050057221153911
2023-11-29T12:00:00Z,912.66296,1.7013834000000003,9.5002,2.632,333,11,12,-0.298691413297453
2023-11-29T15:00:00Z,905.54987,2.229313400000001,9.4566,0.43,333,11,15,-0.057435425884321274
2023-11-29T18:00:00Z,895.7669,1.9236934000000003,9.3747,0.574,333,11,18,0.22354186591687816
2023-11-29T21:00:00Z,901.06366,2.0731034000000004,9.3501,0.959,333,11,21,-0.8488560493981833
2023-11-30T00:00:00Z,882.19586,1.9329934,9.3203,1.963,334,11,0,-0.28692096604297657
2023-11-30T03:00:00Z,850.8055,0.8139334000000003,9.2113,0.005,334,11,3,1.8384295351541138
2023-11-30T06:00:00Z,864.6612,-0.7070765999999997,9.2754,0.324,334,11,6,-0.07516218991562541
2023-11-30T09:00:00Z,915.8441,-0.33304659999999986,9.3038,0.397,334,11,9,-1.4078162867394524
2023-11-30T12:00:00Z,912.825,1.3665434000000003,9.4233,0.01,334,11,12,0.5574813913257114
2023-11-30T15:00:00Z,923.7431,2.2723834000000003,9.409,0.239,334,11,15,0.7062822433497515
2023-11-30T18:00:00Z,880.21344,2.1305034000000003,9.2582,0.674,334,11,18,-1.8237220012544921
2023-11-30T21:00:00Z,854.5346,2.0680334,9.2961,0.367,334,11,21,-1.4229204030679972
